FABRICANTE ;CLASSIFICAÇÃO;COD PRODUTO;PRODUTO;FRACIONADO;EMBALAGEM;NET USD/ 
ACTERA;A;093004001;ADAPINOID;SIM;1;8195,4674
ACTERA;A;093004001;ADAPINOID;NÃO;5;7755,597729
ACTERA;SOB DEMANDA;093004008;HYDROXYSOMES ADENOSINE;NÃO;1;8870,383441
ACTERA;SOB DEMANDA;093004008;HYDROXYSOMES ADENOSINE;NÃO;5;8387,70198
ACTERA;A;093004003;HYDROXYSOMES RETINALDEHYDE;SIM;0,1;13908,58192
ACTERA;A;093004003;HYDROXYSOMES RETINALDEHYDE;SIM;1;18586,92311
ACTERA;A;093004003;HYDROXYSOMES RETINALDEHYDE;NÃO;5;13504,34882
ACTERA;SOB DEMANDA;093004004;MICROX LHA;NÃO;1;9511,710226
ACTERA;SOB DEMANDA;093004004;MICROX LHA;NÃO;5;8979,798144
ACTERA;B;093004006;TERABOND;NÃO;20;216,9120541
ACTERA;SOB DEMANDA;093004005;TERACEUTIC FERMENT;NÃO;20;204,3952828
ACTERA;SOB DEMANDA;093004007;TXVECTOR;NÃO;1;2739,370004
ACTERA;SOB DEMANDA;093004007;TXVECTOR;NÃO;5;1750,262646
ACTERA;SOB DEMANDA;093004002;VISILIFT;NÃO;1;1801,682053
ACTERA;SOB DEMANDA;093004002;VISILIFT;NÃO;5;862,5883254
BERI PHARMA;C;097004001;HPR NANO;NÃO;1;1941,266618
BERI PHARMA;C;097004001;HPR NANO;NÃO;5;847,9829545
BERI PHARMA;C;097004001;HPR NANO;NÃO;10;584,7954545
BERI PHARMA;C;097004001;HPR NANO;NÃO;25;408,5636364
BIOLAND;SOB DEMANDA;002004088;AA POWDER;NÃO;1;1677,636705
BIOLAND;SOB DEMANDA;N/A;ALOE EXTRACT;NÃO;5;124,001185
BIOLAND;C;002004073;AMINO ACID COMPLEX (B);SIM;1;198,3708415
BIOLAND;C;002004073;AMINO ACID COMPLEX (B);NÃO;5;152,592955
BIOLAND;C;002004093;AMINO ACID COMPLEX (HD);SIM;1;325,1166315
BIOLAND;C;002004093;AMINO ACID COMPLEX (HD);NÃO;5;250,0897165
BIOLAND;C;002004093;AMINO ACID COMPLEX (HD);NÃO;20;192,376705
BIOLAND;SOB DEMANDA;N/A;APRICOT EXTRACT;NÃO;20;147,55368
BIOLAND;C;002004108;AQUAGG;NÃO;5;802,394205
BIOLAND;SOB DEMANDA;002004002;ARBUTIN;NÃO;5;616,736705
BIOLAND;SOB DEMANDA;N/A;ARCTIUM SEED EXTRACT;NÃO;1;7628,546337
BIOLAND;SOB DEMANDA;N/A;ARECA CATECHU EXTRACT VER.3;NÃO;5;319,231505
BIOLAND;SOB DEMANDA;N/A;ASTRIN-AG;NÃO;5;205,725505
BIOLAND;SOB DEMANDA;002004037;BEE STINGER SECRETION FILTRATE;NÃO;5;298,466705
BIOLAND;B;002004040;BIO CTP-500;NÃO;1;369,9396565
BIOLAND;B;002004040;BIO CTP-500;NÃO;5;284,5689665
BIOLAND;B;002004040;BIO CTP-500;NÃO;20;218,899205
BIOLAND;SOB DEMANDA;002004089;BIO-BLACK PEARL POWDER;NÃO;1;683,645505
BIOLAND;SOB DEMANDA;002004101;BIO-FRGE PLUS;NÃO;1;446,925755
BIOLAND;B;002004005;BIO-OSLP;SIM;0,005;11320,52017
BIOLAND;B;002004005;BIO-OSLP;NÃO;1;11320,52017
BIOLAND;SOB DEMANDA;N/A;BIO-SODIUM HYALURONATE 1% SOLUTION (C TYPE);NÃO;10;126,070455
BIOLAND;SOB DEMANDA;N/A;BIO-SODIUM HYALURONATE POWDER (HMW);NÃO;1;3972,474855
BIOLAND;SOB DEMANDA;N/A;BIO-SODIUM HYALURONATE POWDER (LMW);NÃO;1;3446,334761
BIOLAND;SOB DEMANDA;N/A;BIO-SODIUM HYALURONATE POWDER (MMW);NÃO;1;3446,334761
BIOLAND;SOB DEMANDA;N/A;BIO-SODIUM HYALURONATE POWDER (VLMW);NÃO;1;4253,082905
BIOLAND;SOB DEMANDA;N/A;BIO-SWF;NÃO;5;298,466705
BIOLAND;SOB DEMANDA;2004085;CAMELLIA JAPONICA FLOWER EXTRACT;NÃO;5;234,102005
BIOLAND;SOB DEMANDA;N/A;CAMELLIA JAPONICA LEAF EXTRACT-N;NÃO;20;219,913755
BIOLAND;SOB DEMANDA;002004122;CARROT COLLAGEN;NÃO;5;150,211595
BIOLAND;SOB DEMANDA;N/A;CENTELLA ASIATICA LEAF EXTRACT;NÃO;10;163,160755
BIOLAND;A;002004121;CENTELLA PHYTO-EXOSOME;SIM;1;798,0356313
BIOLAND;A;002004121;CENTELLA PHYTO-EXOSOME;NÃO;5;638,428505
BIOLAND;SOB DEMANDA;N/A;CENTTELLA EXTRACT H;NÃO;5;171,673705
BIOLAND;SOB DEMANDA;N/A;CERAMILAR;NÃO;1;1912,837205
BIOLAND;SOB DEMANDA;002004017;CHAMOMILE EXTRACT;NÃO;5;120,596005
BIOLAND;C;002004113;COLIANCE;NÃO;5;146,97688
BIOLAND;C;002004105;COLINUS;NÃO;1;2124,564005
BIOLAND;SOB DEMANDA;N/A;COLINUS-P (PROPANEDIOL VERS.);NÃO;1;2124,564005
BIOLAND;C;002004094;DERMABIOTICS HDB 1196 GN;NÃO;5;301,361005
BIOLAND;B;002004087;EUCOOLAN;SIM;1;230,5537065
BIOLAND;B;002004087;EUCOOLAN;NÃO;5;177,349005
BIOLAND;SOB DEMANDA;002004123;FRUCTAN;NÃO;20;126,070455
BIOLAND;SOB DEMANDA;N/A;GALACTOMYCES FERMENT FILTRATE;NÃO;20;144,296305
BIOLAND;SOB DEMANDA;002004100;GANODERMA EXTRACT;NÃO;20;192,438505
BIOLAND;SOB DEMANDA;002004018;GINGER EXTRACT;NÃO;5;169,531305
BIOLAND;SOB DEMANDA;N/A;GINGKO BILOBA EXTRACT;NÃO;20;163,804505
BIOLAND;SOB DEMANDA;N/A;GINKGO BILOBA;NÃO;20;650,582505
BIOLAND;SOB DEMANDA;N/A;GLA-40 GLYCYRRHIZA GLABRA (LICORICE) ROOT EXTRACT CETYL ALCOHOL;NÃO;0,1;11567,64955
BIOLAND;SOB DEMANDA;N/A;GREEN BEAN EXTRACT;NÃO;10;140,324625
BIOLAND;SOB DEMANDA;002004106;GREEN TEA EXTRACT;NÃO;5;152,350905
BIOLAND;SOB DEMANDA;N/A;GREEN TEA SEED OIL;NÃO;5;189,575105
BIOLAND;SOB DEMANDA;002004118;GXHA;NÃO;15;245,504105
BIOLAND;C;002004096;HA BEADS;NÃO;5;332,827505
BIOLAND;SOB DEMANDA;002004107;HASU LIQUID;NÃO;10;201,601385
BIOLAND;SOB DEMANDA;002004014;HERBAWHITE;NÃO;5;321,291505
BIOLAND;A;002004059;HOCOX;SIM;1;231,5579565
BIOLAND;A;002004059;HOCOX;NÃO;5;178,121505
BIOLAND;SOB DEMANDA;N/A;HORSETAIL EXTRACT;NÃO;5;129,443705
BIOLAND;SOB DEMANDA;N/A;HORSETAIL EXTRACT (P);NÃO;20;149,487505
BIOLAND;A;002004112;HYALWAX;SIM;0,1;1307,992977
BIOLAND;A;002004112;HYALWAX;NÃO;0,5;1046,394381
BIOLAND;A;002004112;HYALWAX;NÃO;1;837,115505
BIOLAND;SOB DEMANDA;002004006;JASMINE EXTRACT;NÃO;10;149,487505
BIOLAND;SOB DEMANDA;002004064;JEJU CITRUS AHA PLUS;NÃO;5;801,632005
BIOLAND;C;002004045;JEJU TANGERINE EXTRACT;NÃO;5;192,438505
BIOLAND;C;002004084;JEJU VOLCANIC ASH;NÃO;10;254,547505
BIOLAND;B;002004041;JMSW ED;SIM;1;176,6053965
BIOLAND;B;002004041;JMSW ED;NÃO;5;135,850305
BIOLAND;B;002004109;LACTOPEACH;SIM;1;311,8176835
BIOLAND;B;002004109;LACTOPEACH;NÃO;5;239,8597565
BIOLAND;B;002004109;LACTOPEACH;NÃO;20;184,507505
BIOLAND;C;002004095;LAVA-DERMABIOTICS HDB 1234 GN;NÃO;5;334,805105
BIOLAND;SOB DEMANDA;002004110;LAVENDER EXTRACT;NÃO;5;163,160755
BIOLAND;SOB DEMANDA;N/A;LEMON EXTRACT;NÃO;20;177,349005
BIOLAND;SOB DEMANDA;N/A;LEMONGRASS EXTRACT;NÃO;10;178,121505
BIOLAND;B;002004021;LICORICE EXTRACT;SIM;1;211,4193965
BIOLAND;B;002004021;LICORICE EXTRACT;NÃO;5;162,630305
BIOLAND;SOB DEMANDA;N/A;LOTUS EXTRACT-DL;NÃO;5;147,769465
BIOLAND;SOB DEMANDA;N/A;MAGNOLIA EXTACT;NÃO;1;335,608505
BIOLAND;SOB DEMANDA;002004120;MAGNOSCENCE;NÃO;20;183,024305
BIOLAND;SOB DEMANDA;002013018;MJB EXTRACT PF;NÃO;20;249,706505
BIOLAND;SOB DEMANDA;N/A;MOISTFULL;NÃO;5;149,487505
BIOLAND;SOB DEMANDA;002004004;MULBERRY ROOT EXTRACT;NÃO;20;166,667905
BIOLAND;SOB DEMANDA;N/A;MULBERRY ROOT POWDER;NÃO;0,5;1380,749505
BIOLAND;A;002004062;MUSAP;SIM;1;383,2908255
BIOLAND;A;002004062;MUSAP;NÃO;5;294,8390965
BIOLAND;A;002004062;MUSAP;NÃO;20;226,8
BIOLAND;SOB DEMANDA;N/A;NEAWAPLE(DERMAP);NÃO;5;349,925505
BIOLAND;SOB DEMANDA;N/A;NUTRA-HA;NÃO;1;2039,331505
BIOLAND;SOB DEMANDA;N/A;NUTRA-HAF;NÃO;1;2325,671505
BIOLAND;SOB DEMANDA;N/A;OLIGO HA – 1% SOLUTION (EP);NÃO;25;152,592955
BIOLAND;A;002004012;OLIGO-HA;SIM;0,1;3948,854711
BIOLAND;A;002004012;OLIGO-HA;NÃO;1;3433,786705
BIOLAND;SOB DEMANDA;002004054;PEACH LEAF EXTRACT;NÃO;5;129,443705
BIOLAND;SOB DEMANDA;N/A;PEONY ROOT EXTRACT II;NÃO;5;192,438505
BIOLAND;SOB DEMANDA;N/A;PF BLUEBERRY EXTRACT;NÃO;5;165,522545
BIOLAND;SOB DEMANDA;N/A;PF FRUCTAN;NÃO;20;143,188025
BIOLAND;SOB DEMANDA;002004044;PF JEJU RAPE FLOWER EXTRACT;NÃO;20;163,804505
BIOLAND;SOB DEMANDA;002004069;PF ROYAL JELLY EXTRACT;NÃO;5;236,666705
BIOLAND;C;002004011;PF SC-GLUCAN;SIM;1;315,3124065
BIOLAND;C;002004011;PF SC-GLUCAN;NÃO;5;242,548005
BIOLAND;SOB DEMANDA;N/A;PF SOYPOL SP;NÃO;5;191,537255
BIOLAND;SOB DEMANDA;N/A;POLYGONUM EXTRACT;NÃO;20;177,349005
BIOLAND;A;002004001;PORTULACA EXTRACT;SIM;1;234,2426515
BIOLAND;A;002004001;PORTULACA EXTRACT;NÃO;5;180,186655
BIOLAND;A;002004102;PORTULACA EXTRACT GN;SIM;1;234,2426515
BIOLAND;A;002004102;PORTULACA EXTRACT GN;NÃO;5;180,186655
BIOLAND;C;CADASTRO SOLICITADO;REISHI PDRN;NÃO;1;5025,612737
BIOLAND;B;002004009;RHODIOLA EXTRACT;SIM;0,1;1813,253406
BIOLAND;B;002004009;RHODIOLA EXTRACT;NÃO;1;1511,044505
BIOLAND;B;002004070;RHODIOLA EXTRACT PF;NÃO;5;163,160755
BIOLAND;A;002004119;RICE PDRN (ED);NÃO;1;1387,083284
BIOLAND;A;002004119;RICE PDRN;NÃO;1;1387,083284
BIOLAND;SOB DEMANDA;051004024;ROSE HIP EXTRACT;NÃO;20;131,946605
BIOLAND;C;002004056;SC-GLUCAN;SIM;1;315,3124065
BIOLAND;C;002004056;SC-GLUCAN;NÃO;5;242,548005
BIOLAND;SOB DEMANDA;N/A;SC-GLUCAN H;NÃO;20;227,844755
BIOLAND;SOB DEMANDA;002004117;SELASTIN;NÃO;5;219,913755
BIOLAND;SOB DEMANDA;002004072;SENAS;NÃO;5;227,844755
BIOLAND;SOB DEMANDA;002004015;SERICIN 4.5 CL;NÃO;5;301,361005
BIOLAND;SOB DEMANDA;002004038;SNAIL SECRETION FILTRATE;NÃO;5;139,331705
BIOLAND;SOB DEMANDA;N/A;SODIUM HYALURONATE POWDER C (HMW);NÃO;1;1730,681705
BIOLAND;SOB DEMANDA;N/A;SODIUM HYALURONATE POWDER C (LMW);NÃO;1;1465,456705
BIOLAND;SOB DEMANDA;N/A;SODIUM HYALURONATE POWDER C (MMW);NÃO;1;1279,799205
BIOLAND;SOB DEMANDA;N/A;SODIUM HYALURONATE POWDER C (VLMW);NÃO;1;1677,636705
BIOLAND;B;002004039;SOPHORA ROOT EXTRACT;NÃO;1;219,913755
BIOLAND;SOB DEMANDA;002004058;SOPHORA ROOT POWDER;NÃO;1;1369,162005
BIOLAND;SOB DEMANDA;N/A;SPARASSIS CRISP EXTRACT;NÃO;10;131,946605
BIOLAND;B;002004063;SPRINGTHESKIN;NÃO;5;148,972505
BIOLAND;SOB DEMANDA;N/A;TEA TREE EXTRACT;NÃO;5;191,537255
BIOLAND;SOB DEMANDA;N/A;TREMELLA FUCIFORMIS EXTRACT (WHD);NÃO;20;157,485455
BIOLAND;SOB DEMANDA;N/A;ULMUS EXTRACT(J TYPE);NÃO;1;205,725505
BIOLAND;SOB DEMANDA;002004103;VITAHERB COMPLEX;NÃO;20;135,351785
CHEMAXCEL;A;067004006;ASCORBYL TETRAISOPALMITATE;SIM;1;789,875
CHEMAXCEL;A;067004006;ASCORBYL TETRAISOPALMITATE;NÃO;25;631,9
CHEMAXCEL;B;067004025;BAKUCHIOL;SIM;0,1;2665,59
CHEMAXCEL;B;067004025;BAKUCHIOL;NÃO;1;2221,325
CHEMAXCEL;A;067004004;ETHYL ASCORBIC ACID;SIM;1;607,65625
CHEMAXCEL;A;067004004;ETHYL ASCORBIC ACID;NÃO;5;486,125
CHEMAXCEL;SOB DEMANDA;067004039;HYDROXYAPATITE;SIM;1;179,6275
CHEMAXCEL;SOB DEMANDA;067004039;HYDROXYAPATITE;NÃO;25;138,175
CHEMAXCEL;C;067004013;INNOVASENSE COOL FEEL;SIM;1;480,9375
CHEMAXCEL;C;067004013;INNOVASENSE COOL FEEL;NÃO;5;353,125
CHEMAXCEL;B;067004010;INNOVASENSE HOT FEEL;SIM;1;515,4828125
CHEMAXCEL;B;067004010;INNOVASENSE HOT FEEL;NÃO;25;379,8125
CHEMAXCEL;C;067004009;MAGNESIUM ASCORBYL PHOSPHATE;NÃO;1;315,825
CHEMAXCEL;B;067004034;NIACINAMIDA EZM;SIM;1;42,87980125
CHEMAXCEL;B;067004034;NIACINAMIDA EZM;NÃO;25;32,9844625
CHEMAXCEL;A;067004017;NIACINAMIDE;SIM;1;42,87980125
CHEMAXCEL;A;067004017;NIACINAMIDE;NÃO;25;32,9844625
CHEMAXCEL;A;067004019 ;PDRN (POLYDEOXYRIBONUCLEOTIDE);NÃO;0,01;37906,14286
CHEMAXCEL;A;067004019 ;PDRN (POLYDEOXYRIBONUCLEOTIDE);NÃO;0,05;37906,14286
CHEMAXCEL;A;067004019 ;PDRN (POLYDEOXYRIBONUCLEOTIDE);NÃO;0,1;32082,85714
CHEMAXCEL;A;067004019 ;PDRN (POLYDEOXYRIBONUCLEOTIDE);NÃO;0,25;25045,81429
CHEMAXCEL;A;067004019 ;PDRN (POLYDEOXYRIBONUCLEOTIDE);NÃO;1;22382,64286
CHEMAXCEL;A;067004016;SALICYLIC ACID;SIM;1;24,505
CHEMAXCEL;A;067004016;SALICYLIC ACID;NÃO;25;14,5
CHEMAXCEL;C;CADASTRO SOLICITADO;SHIKIMIC ACID;NÃO;1;340,0625
CHEMAXCEL;C;067004008;SODIUM ASCORBYL PHOSPHATE;NÃO;1;263,03625
CHEMAXCEL;A;067004001;TRANEXAMIC ACID;SIM;1;546,4331055
CHEMAXCEL;A;067004001;TRANEXAMIC ACID;NÃO;25;252,5045
CHEMLAND;SOB DEMANDA;N/A;INNOVA MPE;NÃO;25;318,1333333
CHEMLAND;A;011004007;INNOVA POWDER TONE-UP CREAM;NÃO;0,4;309,375
CHEMLAND;A;011004007;INNOVA POWDER TONE-UP CREAM;NÃO;4;247,5
CITROLEO;SOB DEMANDA;N/A;ECO SCRUB MURUMURU;NÃO;5;24,216
CITROLEO;B;003004001;INNOVA BISABOLOL NATURAL;NÃO;1;355,175
CITROLEO;B;003004001;INNOVA BISABOLOL NATURAL;NÃO;5;284,14
CITROLEO;SOB DEMANDA;003002004;NATUROIL AMAZON BURITI;NÃO;5;75,84
CITROLEO;SOB DEMANDA;003002005;NATUROIL AMAZON PRACAXI;NÃO;5;44,14
COACHCHEM;B;102004002;ANALLERG VITAMIKA – 10;SIM;0,5;2632,454545
COACHCHEM;B;102004002;ANALLERG VITAMIKA – 10;NÃO;1;2289,090909
COACHCHEM;SOB DEMANDA;N/A;ANALLERG® RETINAL;NÃO;1;6723,966667
COACHCHEM;SOB DEMANDA;N/A;ANALLERG® RETINAL;NÃO;5;6205,016667
COACHCHEM;SOB DEMANDA;N/A;ANALLERG®-NAD;NÃO;1;1591,854545
COACHCHEM;SOB DEMANDA;N/A;ANALLERG®-NAD;NÃO;5;738,6363636
COACHCHEM;SOB DEMANDA;N/A;ANALLERG®-NAD;NÃO;25;481,8181818
CODIF;C;001004001;3M3 LIGHTERIS G;NÃO;1;135,3327259
CODIF;C;001004001;3M3 LIGHTERIS G;NÃO;5;114,6458804
CODIF;SOB DEMANDA;001004059;ACTIBIOME GPA;NÃO;1;287,4233929
CODIF;SOB DEMANDA;001004059;ACTIBIOME GPA;NÃO;5;216,7110977
CODIF;SOB DEMANDA;001004059;ACTIBIOME GPA;NÃO;30;188,4444328
CODIF;SOB DEMANDA;N/A;ACTIBIOME GPENT;NÃO;5;232,9776364
CODIF;C;001004058;ACTIBIOME PE;NÃO;1;333,1514276
CODIF;C;001004058;ACTIBIOME PE;NÃO;5;281,9100524
CODIF;B;001004021;ACTIPORINE 8G;NÃO;1;324,1965603
CODIF;B;001004021;ACTIPORINE 8G;NÃO;5;212,8635904
CODIF;SOB DEMANDA;001004002;ALGOBRIGHT;NÃO;1;367,6993601
CODIF;SOB DEMANDA;001004002;ALGOBRIGHT;NÃO;5;312,445762
CODIF;SOB DEMANDA;001004047;ALGOBRIGHT G;NÃO;5;214,0869008
CODIF;SOB DEMANDA;N/A;AREAUMAT CISTACEA GLYCERINE;NÃO;5;147,6987864
CODIF;C;001004036;AREAUMAT LAVANDA GLYCERINE;NÃO;5;145,6756192
CODIF;C;001004037;AREAUMAT PERPETUA G;NÃO;5;161,6727552
CODIF;SOB DEMANDA;001004054;AREAUMAT PERPETUA PWS;NÃO;5;225,6612992
CODIF;SOB DEMANDA;001004028;AROLEAT SAMPHIRA;NÃO;1;1384,631414
CODIF;SOB DEMANDA;001004028;AROLEAT SAMPHIRA;NÃO;5;1097,575787
CODIF;C;001004118;ATOLIGOMER SF;NÃO;20;61,196626
CODIF;B;001004077;B-SHAPE G;NÃO;1;211,3814637
CODIF;B;001004077;B-SHAPE G;NÃO;5;176,6347824
CODIF;SOB DEMANDA;N/A;CAPIBIOME GPENT;NÃO;5;271,04141
CODIF;SOB DEMANDA;N/A;CAPIBIOME MNB;NÃO;1;255,3982891
CODIF;SOB DEMANDA;N/A;CAPIBIOME MNB;NÃO;5;212,5107124
CODIF;C;001004083;CAPIBIOME PE;NÃO;1;475,6988483
CODIF;C;001004083;CAPIBIOME PE;NÃO;5;394,5016596
CODIF;B;001004065;CAPIGUARD P;NÃO;1;194,4605069
CODIF;B;001004065;CAPIGUARD P;NÃO;5;137,821692
CODIF;B;001004065;CAPIGUARD P;NÃO;30;117,1395516
CODIF;SOB DEMANDA;001004085;CAPIGUARD PA;NÃO;1;238,172975
CODIF;SOB DEMANDA;001004085;CAPIGUARD PA;NÃO;5;178,429716
CODIF;SOB DEMANDA;001004085;CAPIGUARD PA;NÃO;30;151,415768
CODIF;SOB DEMANDA;N/A;CIRE DE BLE NOIR / BUCKWHEAT WAX;NÃO;1;817,6341015
CODIF;SOB DEMANDA;N/A;CIRE DE BLE NOIR / BUCKWHEAT WAX;NÃO;5;648,9972732
CODIF;C;001004046;CITYGUARD + PA;NÃO;1;266,355151
CODIF;C;001004046;CITYGUARD + PA;NÃO;5;227,5668404
CODIF;C;001004045;CITYGUARD PE;NÃO;1;245,3071546
CODIF;C;001004045;CITYGUARD PE;NÃO;5;209,6641632
CODIF;SOB DEMANDA;N/A;CONC LIGHTERIS GPENT;NÃO;5;186,448952
CODIF;SOB DEMANDA;N/A;CONC NEUROLIGHT GPENT;NÃO;5;724,890928
CODIF;C;001004003;CONCENTRE CORALLINE P;NÃO;1;522,5373588
CODIF;C;001004003;CONCENTRE CORALLINE P;NÃO;5;409,1190035
CODIF;C;001004003;CONCENTRE CORALLINE P;NÃO;30;355,73213
CODIF;B;001004120;CORNEOSTICKER DS2;NÃO;1;561,5411268
CODIF;B;001004120;CORNEOSTICKER DS2;NÃO;5;460,9368244
CODIF;SOB DEMANDA;1004086;CYBRIGHT G;NÃO;1;164,5510243
CODIF;SOB DEMANDA;001004086;CYBRIGHT G;NÃO;5;143,0878472
CODIF;A;001004079;CYBRIGHT GP;NÃO;1;171,0169255
CODIF;A;001004079;CYBRIGHT GP;NÃO;5;143,0878472
CODIF;SOB DEMANDA;N/A;CYBRIGHT GPENT;NÃO;5;224,9555432
CODIF;SOB DEMANDA;001004124;DERMOCHLORELLA DG;NÃO;1;341,7275393
CODIF;SOB DEMANDA;001004124;DERMOCHLORELLA DG;NÃO;5;252,7152792
CODIF;B;001004017;DERMOCHLORELLA DP;NÃO;1;479,3781895
CODIF;B;001004017;DERMOCHLORELLA DP;NÃO;5;407,5346204
CODIF;B;001004111;DERMOSCULPT G MNB;NÃO;1;193,363513
CODIF;B;001004111;DERMOSCULPT G MNB;NÃO;5;168,11866
CODIF;SOB DEMANDA;N/A;DERMOSCULPT GPENT;NÃO;5;221,2150364
CODIF;C;001004051;EARLY BOOST PA;NÃO;1;323,4119948
CODIF;C;001004051;EARLY BOOST PA;NÃO;5;268,68889
CODIF;A;001004050;EARLY BOOST PE;NÃO;1;308,5052519
CODIF;A;001004050;EARLY BOOST PE;NÃO;5;256,3852104
CODIF;SOB DEMANDA;001004060;EARTH MARINE WATER G;NÃO;1;116,4219939
CODIF;SOB DEMANDA;001004060;EARTH MARINE WATER G;NÃO;5;84,486574
CODIF;A;001004055;EARTH MARINE WATER GP;NÃO;5;86,2274388
CODIF;SOB DEMANDA;N/A;EAU D'AJONC G / GORSE WATER G;NÃO;5;157,2029672
CODIF;SOB DEMANDA;N/A;EPIDERMIST 40 PA;NÃO;1;653,6058207
CODIF;SOB DEMANDA;N/A;EPIDERMIST 40 PA;NÃO;5;554,8964732
CODIF;C;001004005;EPIDERMIST P 1.5;NÃO;1;613,1871746
CODIF;C;001004005;EPIDERMIST P 1.5;NÃO;5;520,6202568
CODIF;B;001004043;EPS BRIGHT P;NÃO;1;501,810677
CODIF;B;001004043;EPS BRIGHT P;NÃO;5;428,4071584
CODIF;SOB DEMANDA;001004044;EPS BRIGHT PA;NÃO;1;517,6666782
CODIF;SOB DEMANDA;001004044;EPS BRIGHT PA;NÃO;5;441,9339424
CODIF;SOB DEMANDA;N/A;EPS SEAFILL P;NÃO;1;517,3664786
CODIF;SOB DEMANDA;N/A;EPS SEAFILL P;NÃO;5;436,3808416
CODIF;B;001004090;EPS SEAFILL PA;NÃO;1;535,3784594
CODIF;B;001004090;EPS SEAFILL PA;NÃO;5;447,3209248
CODIF;B;001004110;EPS SEAGLOW MNB;NÃO;1;1347,572048
CODIF;B;001004110;EPS SEAGLOW MNB;NÃO;5;1018,95807
CODIF;B;001004110;EPS SEAGLOW MNB;NÃO;5;1052,324138
CODIF;B;001004025;EPS SEAMAT P 1.5;NÃO;1;514,8011358
CODIF;B;001004025;EPS SEAMAT P 1.5;NÃO;5;434,1975712
CODIF;SOB DEMANDA;001004091;EPS SEAMAT PA;NÃO;1;548,9966085
CODIF;SOB DEMANDA;001004091;EPS SEAMAT PA;NÃO;5;458,7119008
CODIF;SOB DEMANDA;N/A;EPS SEAPUR HDO;NÃO;1;1129,118845
CODIF;SOB DEMANDA;N/A;EPS SEAPUR HDO;NÃO;5;936,5396128
CODIF;C;001004080;EPS SEAPUR PA;NÃO;1;1062,147025
CODIF;C;001004080;EPS SEAPUR PA;NÃO;5;881,0797984
CODIF;SOB DEMANDA;N/A;EPS SEAPUR PENT;NÃO;5;965,4679456
CODIF;C;001004073;GOLDELLA;NÃO;1;3135,646162
CODIF;C;001004073;GOLDELLA;NÃO;4;2597,330812
CODIF;SOB DEMANDA;N/A;HUILE DE BLE NOIR;NÃO;1;1148,272593
CODIF;SOB DEMANDA;N/A;HUILE DE CRISTE MARINE;NÃO;1;1736,332017
CODIF;SOB DEMANDA;N/A;HUILE DE CRISTE MARINE 4;NÃO;4;1360,140544
CODIF;SOB DEMANDA;N/A;HUILE DE DICTYOPTERIS;NÃO;1;1248,113542
CODIF;SOB DEMANDA;N/A;HUILE DE DICTYOPTERIS 4;NÃO;4;1231,010721
CODIF;B;001004022;HYDRANOV P;NÃO;1;193,4987829
CODIF;B;001004022;HYDRANOV P;NÃO;5;165,530888
CODIF;SOB DEMANDA;001004094;HYDRANOV PA;NÃO;1;206,2141535
CODIF;SOB DEMANDA;001004094;HYDRANOV PA;NÃO;5;176,3289548
CODIF;C;001004007;HYDRASALINOL ;NÃO;1;2008,667941
CODIF;C;001004007;HYDRASALINOL ;NÃO;4;1704,788214
CODIF;C;001004007;HYDRASALINOL ;NÃO;25;1482,424534
CODIF;SOB DEMANDA;001004095;HYDROFILTRAT MARINE LOTUS G;NÃO;5;128,5727988
CODIF;C;001004068;HYDROFILTRAT MENYANTHES G;NÃO;5;127,184812
CODIF;SOB DEMANDA;N/A;HYDROFILTRAT STATICE G;NÃO;5;87,2860728
CODIF;SOB DEMANDA;N/A;IDASKIN PDO;NÃO;1;270,7108418
CODIF;SOB DEMANDA;N/A;IDASKIN PDO;NÃO;5;198,6778948
CODIF;SOB DEMANDA;N/A;IDASKIN PDOCH;NÃO;1;270,7108418
CODIF;SOB DEMANDA;N/A;IDASKIN PDOCH;NÃO;5;198,6778948
CODIF;B;001004122;J-DERMIST;NÃO;1;364,5340444
CODIF;B;001004122;J-DERMIST;NÃO;5;284,921278
CODIF;B;001004008;LAKESIS;SIM;0,1;2893,07455
CODIF;B;001004008;LAKESIS;NÃO;0,4;2515,717737
CODIF;B;001004008;LAKESIS;NÃO;1;2081,870155
CODIF;B;001004009;MATRIGENICS 14G;NÃO;1;222,1489477
CODIF;B;001004009;MATRIGENICS 14G;NÃO;5;189,87947
CODIF;SOB DEMANDA;N/A;MATRIGENICS4 GP;NÃO;1;225,1248855
CODIF;SOB DEMANDA;N/A;MATRIGENICS4 GP;NÃO;5;192,3731412
CODIF;SOB DEMANDA;001004115;MITOBALANCE G;NÃO;5;115,6104136
CODIF;SOB DEMANDA;001004123;MITOBALANCE P;NÃO;1;376,3836877
CODIF;SOB DEMANDA;001004123;MITOBALANCE P;NÃO;5;327,2901632
CODIF;SOB DEMANDA;001004066;NEUROGUARD G;NÃO;1;200,3704938
CODIF;C;001004066;NEUROGUARD G;NÃO;5;166,7306732
CODIF;C;001004061;NEUROGUARD P;NÃO;1;298,1165235
CODIF;C;001004061;NEUROGUARD P;NÃO;5;254,7619716
CODIF;B;001004010;NEUROLIGHT 61G;NÃO;1;304,284831
CODIF;B;001004010;NEUROLIGHT 61G;NÃO;5;256,7145632
CODIF;A;001004129;PANTODIUM CICA PENT;NÃO;1;489,8480798
CODIF;A;1004129;PANTODIUM CICA PENT;NÃO;5;399,0655484
CODIF;SOB DEMANDA;001004070;PHEOHYDRANE G;NÃO;5;148,6633196
CODIF;A;001004071;PHEOHYDRANE P;NÃO;1;199,2071727
CODIF;A;001004071;PHEOHYDRANE P;NÃO;5;169,6242728
CODIF;A;001004069;PHORMISKIN BIOPROTECH G;NÃO;1;193,282351
CODIF;A;001004069;PHORMISKIN BIOPROTECH G;NÃO;5;162,0256332
CODIF;DESCONTINUADO;DESCONTINUADO;PHYCO R7 G;NÃO;5;254,5031944
CODIF;SOB DEMANDA;001004013;PHYCOJUVENINE;NÃO;1;446,250546
CODIF;SOB DEMANDA;001004013;PHYCOJUVENINE;NÃO;5;379,1973016
CODIF;SOB DEMANDA;001004013;PHYCOJUVENINE;NÃO;30;322,3969216
CODIF;A;001004132;PHYCOJUVENINE DI GPENT;NÃO;1;279,0434676
CODIF;A;001004132;PHYCOJUVENINE DI GPENT;NÃO;5;216,702903
CODIF;SOB DEMANDA;001004102;PHYCOJUVENINE G;NÃO;5;119,774374
CODIF;SOB DEMANDA;001004103;PHYCOSACCHARIDE ACG;NÃO;5;181,2221964
CODIF;A;001004063;PHYCOSACCHARIDE ACP;NÃO;1;317,2287627
CODIF;A;001004063;PHYCOSACCHARIDE ACP;NÃO;5;253,3151327
CODIF;A;001004063;PHYCOSACCHARIDE ACP;NÃO;30;215,1925852
CODIF;SOB DEMANDA;001004074;PHYCOSACCHARIDE AIG;NÃO;5;129,9607856
CODIF;SOB DEMANDA;001004062;PHYCOSACCHARIDE AIP;NÃO;1;272,2406994
CODIF;SOB DEMANDA;001004062;PHYCOSACCHARIDE AIP;NÃO;5;214,0598077
CODIF;SOB DEMANDA;001004062;PHYCOSACCHARIDE AIP;NÃO;30;179,5754324
CODIF;SOB DEMANDA;001004105;PHYCOSACCHARIDE APG;NÃO;5;124,9969684
CODIF;SOB DEMANDA;001004049;PHYCOSACCHARIDE APP;NÃO;5;144,1464812
CODIF;B;001004020;PINK PEPPERSLIM;NÃO;0,4;3280,736657
CODIF;B;001004020;PINK PEPPERSLIM;NÃO;1;2598,083618
CODIF;SOB DEMANDA;N/A;POUDRE EPIDERMIST 40 PUR;NÃO;0,05;39797,85511
CODIF;SOB DEMANDA;N/A;POUDRE EPIDERMIST 40 PUR;NÃO;0,5;33551,88091
CODIF;SOB DEMANDA;001004113;POUDRE EPS SEAFILL PUR;NÃO;0,05;42202,47251
CODIF;SOB DEMANDA;001004113;POUDRE EPS SEAFILL PUR;NÃO;0,5;40092,93834
CODIF;SOB DEMANDA;001004127;POUDRE EPS SEAMAT PUR;NÃO;0,05;35796,40458
CODIF;SOB DEMANDA;001004127;POUDRE EPS SEAMAT PUR;NÃO;0,5;34174,47877
CODIF;C;001004072;RAYKAMI PDO;NÃO;1;463,6598272
CODIF;C;001004072;RAYKAMI PDO;NÃO;5;385,4209324
CODIF;A;001004126;REGETASTE PDO;NÃO;1;443,7480979
CODIF;A;001004126;REGETASTE PDO;NÃO;5;385,8679112
CODIF;SOB DEMANDA;001004064;RHODOFILTRAT PALMARIA G;NÃO;5;103,0009064
CODIF;A;001004112;RHODYSSEY P;NÃO;1;142,6900107
CODIF;A;001004112;RHODYSSEY P;NÃO;5;105,356916
CODIF;A;001004112;RHODYSSEY P;NÃO;30;89,7562188
CODIF;SOB DEMANDA;001004119;RHODYSSEY PA;NÃO;1;249,1244261
CODIF;SOB DEMANDA;001004119;RHODYSSEY PA;NÃO;5;166,9047205
CODIF;SOB DEMANDA;001004119;RHODYSSEY PA;NÃO;30;141,5822344
CODIF;SOB DEMANDA;N/A;RHODYSSEY PG;NÃO;5;149,6984284
CODIF;SOB DEMANDA;N/A;SALSOTHIN G;NÃO;5;109,7526388
CODIF;A;001004114;SAMPHIRA OIL BIOACTIVE;NÃO;0,4;2078,094541
CODIF;A;001004114;SAMPHIRA OIL BIOACTIVE;NÃO;1;1697,240153
CODIF;A;001004114;SAMPHIRA OIL BIOACTIVE;NÃO;4;1475,837478
CODIF;SOB DEMANDA;001004075;SCOPARIANE G;NÃO;5;146,5695768
CODIF;SOB DEMANDA;001004057;SCOPARIANE P;NÃO;1;244,9825068
CODIF;SOB DEMANDA;001004057;SCOPARIANE P;NÃO;5;196,701778
CODIF;SOB DEMANDA;001004128;SENSORY APPLE POMACE;NÃO;5;229,4253312
CODIF;A;001004076;SILENAGE G;NÃO;5;334,206572
CODIF;A;001004052;SILENAGE GP;NÃO;1;384,3916658
CODIF;A;001004052;SILENAGE GP;NÃO;5;334,206572
CODIF;B;001004024;SKINPERF LWG;NÃO;1;326,8749043
CODIF;B;001004024;SKINPERF LWG;NÃO;5;279,157604
CODIF;A;001004029;STOECHIOL;NÃO;1;1399,971021
CODIF;A;001004029;STOECHIOL;NÃO;4;1189,347592
CODIF;SOB DEMANDA;001004109;THALITAN G;NÃO;5;180,6973492
CODIF;B;001004026;THALITAN P;NÃO;5;201,7259176
CODIF;B;001004026;THALITAN P;NÃO;1;231,9848053
CODIF;B;001004026;THALITAN P;NÃO;30;174,9833134
CODIF;B;001004116;VITASMOOTHY PDO;NÃO;1;682,9224303
CODIF;B;001004116;VITASMOOTHY PDO;NÃO;5;593,8455915
CODIF;A;001004067;WAKAPAMP;NÃO;0,4;2802,895958
CODIF;A;001004067;WAKAPAMP;NÃO;1;2397,960286
CODIF;A;001004067;WAKAPAMP;NÃO;4;2078,997746
COMPOMAT;B;023005001;INNOVA SCRUB APRICOT;SIM;1;18,678
COMPOMAT;B;023005001;INNOVA SCRUB APRICOT;SIM;5;16,98
COMPOMAT;B;023005001;INNOVA SCRUB APRICOT;NÃO;25;15,43636364
COMPOMAT;B;023005002;INNOVA SCRUB TAGUA;SIM;1;39,38
COMPOMAT;B;023005002;INNOVA SCRUB TAGUA;SIM;5;35,8
COMPOMAT;B;023005002;INNOVA SCRUB TAGUA;NÃO;25;32,54545455
CORE BIOGENESIS;B;110004002;PEAUFORIA;NÃO;1;2755,63
CORE BIOGENESIS;B;110004002;PEAUFORIA;NÃO;10;1522,76
CORE BIOGENESIS;B;110004001;PEAUVITA;NÃO;1;2755,63
CORE BIOGENESIS;B;110004001;PEAUVITA;NÃO;10;1522,76
DERMALAB;SOB DEMANDA;N/A;AMLA EXTRACT(G);NÃO;5;138,6100756
DERMALAB;B;051004029;ANTI-OBIZEN (GHD);NÃO;5;159,2965956
DERMALAB;B;051004022;ANTI-PORE S;NÃO;5;150,4550756
DERMALAB;SOB DEMANDA;N/A;ASHWAGHANDA EXTRACT-DL;NÃO;5;224,9210542
DERMALAB;SOB DEMANDA;N/A;ASHWAGHANDA EXTRACT-DL;NÃO;20;179,8512756
DERMALAB;SOB DEMANDA;N/A;BACOPA MONNIERI EXTRACT(HD);NÃO;5;135,4376756
DERMALAB;SOB DEMANDA;N/A;BIO CAROB DEAGE  ;NÃO;5;139,4793956
DERMALAB;SOB DEMANDA;051004005;BIO GREEN PHYTOPLACENTA;NÃO;5;262,9557956
DERMALAB;SOB DEMANDA;051004006;BIO HONEY ACIDS;NÃO;5;133,0439556
DERMALAB;SOB DEMANDA;N/A;BIOMIMETIC FLUID TEARS+;NÃO;5;142,4169556
DERMALAB;SOB DEMANDA;N/A;BLACK BEAN EXTRACT(HD);NÃO;5;112,0401956
DERMALAB;SOB DEMANDA;N/A;BLORICA(GHD);NÃO;5;163,0375556
DERMALAB;SOB DEMANDA;N/A;CALENDULA EXTRACT(HD);NÃO;5;124,3342756
DERMALAB;SOB DEMANDA;N/A;CAMU CAMU EXTRACT 200(HD);NÃO;5;163,8697956
DERMALAB;SOB DEMANDA;N/A;CARROT EXTRACT(O);NÃO;5;67,86555556
DERMALAB;SOB DEMANDA;N/A;CENTELLA EXTRACT(O);NÃO;5;197,5215436
DERMALAB;A;051004020;C-EXO (GHD);SIM;1;678,1634444
DERMALAB;A;051004020;C-EXO (GHD);NÃO;5;542,5307556
DERMALAB;SOB DEMANDA;N/A;CHAMOMILE EXTRACT(HD);NÃO;5;121,5524516
DERMALAB;SOB DEMANDA;N/A;CRANBERRY EXTRACT(HD);NÃO;5;136,4305956
DERMALAB;C;CADASTRO SOLICITADO;DERMANIO-VDM;NÃO;5;121,7963556
DERMALAB;SOB DEMANDA;N/A;DRAGON FRUIT EXTRACT(HD);NÃO;5;139,5617956
DERMALAB;SOB DEMANDA;N/A;DUAL LIFTING CARE;NÃO;5;146,1867556
DERMALAB;SOB DEMANDA;N/A;ECM-5;NÃO;5;175,0926756
DERMALAB;SOB DEMANDA;N/A;ECM-5(HD);NÃO;5;176,9961156
DERMALAB;SOB DEMANDA;N/A;ECOMUSHLYTE(G);NÃO;5;168,4429956
DERMALAB;SOB DEMANDA;N/A;ECOMUSHLYTE(HD);NÃO;5;168,4429956
DERMALAB;SOB DEMANDA;N/A;GARDENIA EXTRACT-DL;NÃO;5;133,8514756
DERMALAB;SOB DEMANDA;N/A;GRAPE EXTRACT-DL;NÃO;5;105,9425956
DERMALAB;SOB DEMANDA;N/A;GREEN LAVER EXTRACT-DL;NÃO;5;131,2476356
DERMALAB;SOB DEMANDA;N/A;GREEN TEA EXTRACT(HD);NÃO;5;116,0036356
DERMALAB;SOB DEMANDA;N/A;GULFWEED EXTRACT(HD);NÃO;5;120,8817156
DERMALAB;SOB DEMANDA;N/A;HIZIKIA EXTRACT-DL;NÃO;5;124,5402756
DERMALAB;SOB DEMANDA;N/A;HORSE CHESTNUT EXTRACT(HD);NÃO;5;148,1272756
DERMALAB;SOB DEMANDA;N/A;HR-AMINO SG(BG);NÃO;5;160,8168756
DERMALAB;SOB DEMANDA;N/A;HR-AMINO SG(HD);NÃO;5;158,5961956
DERMALAB;SOB DEMANDA;051004017;HS TKM 24;NÃO;5;227,8945956
DERMALAB;SOB DEMANDA;N/A;HYDROLYZED RICE PROTEIN;NÃO;5;61,079
DERMALAB;SOB DEMANDA;N/A;INDIAN GOOSEBERRY EXTRACT(HD;NÃO;5;148,1272756
DERMALAB;SOB DEMANDA;N/A;ITCH BYE(GHD);NÃO;5;148,1272756
DERMALAB;SOB DEMANDA;N/A;ITCH BYE(PD);NÃO;5;154,7893156
DERMALAB;SOB DEMANDA;N/A;JEJU LOTUS LEAF EXTRACT(HD);NÃO;5;67,86555556
DERMALAB;SOB DEMANDA;N/A;JELLY FISH EXTRACT(HD);NÃO;5;135,4376756
DERMALAB;SOB DEMANDA;N/A;KAKADU PLUM EXTRACT(HD);NÃO;5;65,39355556
DERMALAB;SOB DEMANDA;N/A;KELP EXTRACT-DL;NÃO;5;93,74739556
DERMALAB;SOB DEMANDA;N/A;LAVER EXTRACT-DL;NÃO;5;108,9913956
DERMALAB;SOB DEMANDA;N/A;LEMON EXTRACT(HD);NÃO;5;109,9315796
DERMALAB;SOB DEMANDA;N/A;LOTUS EXTRACT-DL;NÃO;5;124,5402756
DERMALAB;SOB DEMANDA;051004007;LUISANT MELA X;NÃO;5;269,0533956
DERMALAB;SOB DEMANDA;N/A;LUISANT MELA X(HD);NÃO;5;270,8826756
DERMALAB;SOB DEMANDA;051004003;MAGIC RED SAP;NÃO;5;144,0525956
DERMALAB;SOB DEMANDA;N/A;MAQUI ORAC 3000;NÃO;5;176,0649956
DERMALAB;SOB DEMANDA;N/A;MARSHMALLOW EXTRACT DL;NÃO;5;165,8888889
DERMALAB;SOB DEMANDA;N/A;MITOCII REJUVENATE;NÃO;5;182,7723556
DERMALAB;SOB DEMANDA;N/A;MITOCII REJUVENATE(HD);NÃO;5;184,2967556
DERMALAB;SOB DEMANDA;051004035;NEUROCOL Y;NÃO;5;178,2650756
DERMALAB;SOB DEMANDA;N/A;NEUROCOL Y(HD);NÃO;5;180,1685156
DERMALAB;SOB DEMANDA;N/A;OAT KERNEL EXTRACT-DL;NÃO;5;151,6745956
DERMALAB;C;051004019;ODOR BYE;NÃO;5;154,7233956
DERMALAB;SOB DEMANDA;N/A;ODOR BYE(BG);NÃO;5;154,7233956
DERMALAB;SOB DEMANDA;N/A;ONION EXTRACT(HD);NÃO;5;115,0889956
DERMALAB;SOB DEMANDA;N/A;PAPRIKA EXTRACT-DL;NÃO;5;119,5756756
DERMALAB;SOB DEMANDA;N/A;PEACHCALM (G);NÃO;5;163,8697956
DERMALAB;SOB DEMANDA;N/A;PEACHCALM (HD);NÃO;5;163,8697956
DERMALAB;SOB DEMANDA;N/A;PHILORETURN(G);NÃO;5;172,1015556
DERMALAB;SOB DEMANDA;N/A;PHILORETURN(GHD);NÃO;5;172,1015556
DERMALAB;SOB DEMANDA;N/A;PHILORETURN(HD);NÃO;5;172,1015556
DERMALAB;B;051004030;PINEAPPLE EXTRACT;NÃO;5;163,8697956
DERMALAB;SOB DEMANDA;N/A;PMS-F 5000;NÃO;5;186,1260356
DERMALAB;SOB DEMANDA;N/A;PMS-F 5000(HD);NÃO;5;187,6504356
DERMALAB;B;051004014;QS CONTROL AC;SIM;1;243,9455662
DERMALAB;B;051004014;QS CONTROL AC;NÃO;5;187,6504356
DERMALAB;A;051004047;RB-EXO+B5(GHD);SIM;1;775,6220444
DERMALAB;A;051004047;RB-EXO+B5(GHD);NÃO;5;620,4976356
DERMALAB;A;051004049;REAL MADECA PDRN;NÃO;5;840,3449556
DERMALAB;SOB DEMANDA;N/A;RED PEPPER EXTRACT-DL;NÃO;5;125,9204756
DERMALAB;SOB DEMANDA;N/A;RICE BRAN EXTRACT(HD);NÃO;5;114,8747556
DERMALAB;SOB DEMANDA;N/A;RICE EXTRACT-DL;NÃO;5;102,8937956
DERMALAB;SOB DEMANDA;N/A;ROSEHIP EXTRACT(HD);NÃO;5;138,2145556
DERMALAB;SOB DEMANDA;N/A;ROSEMARY LEAF EXTRACT(HD);NÃO;5;118,7475556
DERMALAB;SOB DEMANDA;N/A;SCHIZANDRA BERRY EXTRACT(HD);NÃO;5;137,8169756
DERMALAB;SOB DEMANDA;N/A;SCUTELLARIA ROOT EXTRACT(HD);NÃO;5;150,1501956
DERMALAB;SOB DEMANDA;N/A;SEA TRUMPET EXTRACT(HD);NÃO;5;118,4426756
DERMALAB;SOB DEMANDA;N/A;SILVER EAR MUSHROOM EXTRACT(HD);NÃO;5;135,5159556
DERMALAB;SOB DEMANDA;051004036;SKINPRO QM;NÃO;5;181,7547156
DERMALAB;SOB DEMANDA;N/A;SKINPRO QM(HD);NÃO;5;181,7555556
DERMALAB;SOB DEMANDA;N/A;TEA TREE EXTRACT(HD);NÃO;5;132,4671556
DERMALAB;SOB DEMANDA;N/A;TURMERIC EXTRACT(HD);NÃO;5;154,4720756
DERMALAB;SOB DEMANDA;N/A;VERBENA EXTRACT(HD);NÃO;5;124,8451556
DERMALAB;SOB DEMANDA;N/A;WAKAME EXTRACT(HD);NÃO;5;124,5402756
DERMALAB;SOB DEMANDA;051004048;WHITE CALMING CARE(GHD);NÃO;5;154,4720756
DERMALAB;C;051004013;WHITENERGY;NÃO;5;163,8697956
DERMALAB;SOB DEMANDA;N/A;WHITENERGY (PD);NÃO;5;163,8697956
DERMALAB;SOB DEMANDA;N/A;WITCH HAZEL EXTRACT(HD);NÃO;5;91,97579556
DERMALAB;B;051004015;YOGABIOTICS;NÃO;5;187,7822756
DERMALAB;SOB DEMANDA;N/A;YOGABIOTICS(GHD);NÃO;5;187,7822756
ECOORI;B;112004005;NATORI EXOBIOME LB;NÃO;5;877,5
ECOORI;B;112004005;NATORI EXOBIOME LB;NÃO;10;528
ECOORI;B;112004004;NATORI EXOBREW YT;NÃO;5;877,5
ECOORI;B;112004004;NATORI EXOBREW YT;NÃO;10;528
ECOORI;B;112004001;NATORI GEM SPICULE;NÃO;10;2074
ECOORI;B;112004007;NATORI MUTIBIOME HD;NÃO;10;636
ECOORI;B;112004006;NATORI PDRN 95;NÃO;1;9129,846429
ECOORI;B;112004002;NATORI PHYTOSPICULE RETINOL;NÃO;1;8266,78
ECOORI;SOB DEMANDA;N/A;SUPERSURF SOLUMIX PCO;NÃO;25;34,56
ECO-SHELL;B;005005001;INNOVA SCRUB WALNUT;SIM;1;16,86927273
ECO-SHELL;B;005005001;INNOVA SCRUB WALNUT;NÃO;5;12,97636364
ECO-SHELL;B;005005001;INNOVA SCRUB WALNUT;NÃO;25;9,981818182
FOCUS;B;061004001;BIO-SODIUM HYALURONATE POWDER (HMW);NÃO;1;1929,5136
FOCUS;B;061004001;BIO-SODIUM HYALURONATE POWDER (HMW);NÃO;5;915,7
FOCUS;B;061004001;BIO-SODIUM HYALURONATE POWDER (HMW);NÃO;25;558,84
FOCUS;B;061004003;BIO-SODIUM HYALURONATE POWDER (LMW);NÃO;1;1685,9232
FOCUS;B;061004003;BIO-SODIUM HYALURONATE POWDER (LMW);NÃO;5;705,6
FOCUS;B;061004003;BIO-SODIUM HYALURONATE POWDER (LMW);NÃO;25;390,78
FOCUS;B;061004002;BIO-SODIUM HYALURONATE POWDER (MMW);NÃO;1;1687,4496
FOCUS;B;061004002;BIO-SODIUM HYALURONATE POWDER (MMW);NÃO;5;705,6
FOCUS;B;061004002;BIO-SODIUM HYALURONATE POWDER (MMW);NÃO;25;390,78
FOCUS;B;061004005;BIO-SODIUM HYALURONATE POWDER (VLMW);NÃO;1;1935,2736
FOCUS;B;061004005;BIO-SODIUM HYALURONATE POWDER (VLMW);NÃO;5;920,7
FOCUS;B;061004005;BIO-SODIUM HYALURONATE POWDER (VLMW);NÃO;25;562,84
GIGA FINE;C;096004004;ZIGA BIO B2F ;NÃO ;1;840,3790483
GIGA FINE;C;096004004;ZIGA BIO B2F ;NÃO ;5;390,7211364
GIGA FINE;C;096004004;ZIGA BIO B2F ;NÃO ;10;268,6684773
GIGA FINE;C;096004004;ZIGA BIO B2F ;NÃO ;25;197,9491455
GIGA FINE;C;096004006;ZIGA MARINE 2SE;NÃO ;1;838,2195597
GIGA FINE;C;096004006;ZIGA MARINE 2SE;NÃO ;5;389,1105909
GIGA FINE;C;096004006;ZIGA MARINE 2SE;NÃO ;10;267,5017682
GIGA FINE;C;096004006;ZIGA MARINE 2SE;NÃO ;25;197,0457418
GIGA FINE;C;096004002;ZIGA MOIST HYDROGEL L80;NÃO ;1;544,8187926
GIGA FINE;C;096004002;ZIGA MOIST HYDROGEL L80;NÃO ;5;192,4973667
GIGA FINE;C;096004002;ZIGA MOIST HYDROGEL L80;NÃO ;10;118,9090429
GIGA FINE;C;096004002;ZIGA MOIST HYDROGEL L80;NÃO ;25;78,83133091
GIGA FINE;A;096004001;ZIGA MOIST PM-II;NÃO ;1;964,819581
GIGA FINE;A;096004001;ZIGA MOIST PM-II;NÃO ;5;483,5288182
GIGA FINE;A;096004001;ZIGA MOIST PM-II;NÃO ;10;335,9000886
GIGA FINE;A;096004001;ZIGA MOIST PM-II;NÃO ;25;250,00778
GIGA FINE;SOB DEMANDA;N/A;ZIGABIO CGF-75;NÃO ;1;678,3094261
GIGA FINE;SOB DEMANDA;N/A;ZIGABIO CGF-75;NÃO ;5;291,8694355
GIGA FINE;SOB DEMANDA;N/A;ZIGABIO CGF-75;NÃO ;10;188,3512384
GIGA FINE;SOB DEMANDA;N/A;ZIGABIO CGF-75;NÃO ;25;130,1487025
GREENPHYT;SOB DEMANDA;N/A;NATSILPHYTPEEL 500;NÃO;500;39,85090909
GREENPHYT;SOB DEMANDA;N/A;NATSILPHYTPEEL 500;NÃO;1000;27,76363636
HAIHANG;SOB DEMANDA;072004010;CALCIUM SILICATE;NÃO;25;26,45
HAIHANG;A;072004003;GLUCONOLACTONE;SIM;1;23,19525
HAIHANG;A;072004003;GLUCONOLACTONE;SIM;5;17,8425
HAIHANG;A;072004003;GLUCONOLACTONE;NÃO;25;13,725
HOCK CHEMIE;A;004003001;INNOVA BN-5 PREMIUM;SIM;1;193,5555556
HOCK CHEMIE;A;004003001;INNOVA BN-5 PREMIUM;NÃO;10;148,8888889
HOCK CHEMIE;A;004003017;BN 11;NÃO;1;148,8888889
HOCK CHEMIE;SOB DEMANDA;004003009;INNOVA SERICITE M5;NÃO;100;15,11111111
IC BIO;C;063001006;ABP-EASY;SIM;1;294,55322
IC BIO;C;063001006;ABP-EASY;NÃO;5;226,5794
IC BIO;C;063004021;AQUATICS;NÃO;20;238,4965
IC BIO;A;063004007;CAFFEINE S10;SIM;1;518,0932445
IC BIO;B;063004007;CAFFEINE S10;NÃO;5;398,533265
IC BIO;B;063004007;CAFFEINE S10;NÃO;20;262,1762
IC BIO;B;063004007;CAFFEINE S10;NÃO;100;183,4636
IC BIO;SOB DEMANDA;N/A;CENTELLALACTO;NÃO;10;321,1746
IC BIO;SOB DEMANDA;063004016;CERA BOOSTER;NÃO;10;275,8546
IC BIO;SOB DEMANDA;N/A;CLEANBIO PO;NÃO;10;366,371
IC BIO;SOB DEMANDA;N/A;COQ SOME L;NÃO;5;593,177
IC BIO;SOB DEMANDA;063004017;CORAL CALCIUM;NÃO;10;258,60725
IC BIO;SOB DEMANDA;N/A;ECOCERAMIDE ARGAN;NÃO;10;1191,092
IC BIO;SOB DEMANDA;N/A;ECOCERAMIDE EVENING PRIMROSE;NÃO;10;1227,039
IC BIO;SOB DEMANDA;N/A;ECOCERAMIDE HU.SKIN;NÃO;10;1155,145
IC BIO;SOB DEMANDA;N/A;ECOCERAMIDE LCS;NÃO;5;1083,251
IC BIO;SOB DEMANDA;N/A;ECOCERAMIDE LCS 20;NÃO;10;3042,3625
IC BIO;SOB DEMANDA;N/A;ECOCERAMIDE MEADOWFOAM;NÃO;10;1155,145
IC BIO;SOB DEMANDA;N/A;ECOCERAMIDE MORINGA;NÃO;10;1262,986
IC BIO;SOB DEMANDA;N/A;ECOCERAMIDE PHYTO MA:U;NÃO;10;1083,251
IC BIO;SOB DEMANDA;N/A;ECOCERAMIDE ROSEHIP;NÃO;10;1119,198
IC BIO;SOB DEMANDA;N/A;ECOCERAMIDE SEABUCKTHORN;NÃO;10;1155,145
IC BIO;SOB DEMANDA;N/A;ECOCERAMIDE SHEABUTTER;NÃO;10;1083,251
IC BIO;SOB DEMANDA;N/A;ECOCERAMIDE SHEABUTTER 20;NÃO;10;3042,3625
IC BIO;SOB DEMANDA;063004015;FIRMINGGEL;NÃO;20;159,4131
IC BIO;A;063004022 ;FUCOSENS;NÃO;20;165,08325
IC BIO;SOB DEMANDA;N/A;HP ECOCERAMIDE LCS;NÃO;10;6066,288
IC BIO;SOB DEMANDA;N/A;HP ECOCERAMIDE SB;NÃO;10;7384,344667
IC BIO;SOB DEMANDA;N/A;IHP HHA;NÃO;1;2215,427
IC BIO;SOB DEMANDA;N/A;IHP SH 1% SOLUTION;NÃO;100;148,732
IC BIO;SOB DEMANDA;N/A;IHP SHH;NÃO;1;1738,0735
IC BIO;SOB DEMANDA;N/A;IHP SHL;NÃO;1;1411,0485
IC BIO;SOB DEMANDA;N/A;IHP SHM;NÃO;1;1411,0485
IC BIO;SOB DEMANDA;N/A;IHP SHV;NÃO;1;1738,0735
IC BIO;A;063001007 ;IHP-HAO (HYALIGO HA);SIM;0,1;2870,5482
IC BIO;A;063001007 ;IHP-HAO (HYALIGO HA);NÃO;1;2392,1235
IC BIO;SOB DEMANDA;N/A;ILP DPG;NÃO;10;834,197
IC BIO;SOB DEMANDA;N/A;ILP GAA;NÃO;10;1041,536
IC BIO;SOB DEMANDA;N/A;ILP GRA;NÃO;10;2009,118
IC BIO;SOB DEMANDA;N/A;ILP GRS;NÃO;10;2769,052
IC BIO;SOB DEMANDA;N/A;ILP MAG;NÃO;10;799,6405
IC BIO;SOB DEMANDA;N/A;MARINE GEL;NÃO;20;170,1972
IC BIO;SOB DEMANDA;N/A;MARINE KERATINASE;NÃO;20;310,3905
IC BIO;SOB DEMANDA;063001003;METAOIL MORINGA;NÃO;20;407,571
IC BIO;SOB DEMANDA;063001004;METAOIL OLIVE;NÃO;20;178,087
IC BIO;SOB DEMANDA;N/A;METAOILC MORINGA;NÃO;20;348,346
IC BIO;SOB DEMANDA;N/A;MILKYFEEL NL100;NÃO;20;292,417
IC BIO;SOB DEMANDA;N/A;MILKYSOME VB5;NÃO;20;234,9018
IC BIO;SOB DEMANDA;063004019;MOISTGEL;NÃO;20;155,8184
IC BIO;A;063004003;MOISTSHIELD HA;SIM;1;790,4117
IC BIO;A;063004003;MOISTSHIELD HA;NÃO;5;152,00225
IC BIO;SOB DEMANDA;063001001;MOISTSHIELD PM;NÃO;5;167,25655
IC BIO;C;063004006 ;PEELING GEL;SIM;5;221,25636
IC BIO;C;063004006 ;PEELING GEL;NÃO;10;170,1972
IC BIO;C;063004014 ;PHYTO-KERATINASE;NÃO;5;310,3905
IC BIO;SOB DEMANDA;N/A;PROCERAMIDE 2.0;NÃO;50;723,781
IC BIO;SOB DEMANDA;N/A;PTD LIPOSOME (ADENOSINE);NÃO;20;283,4354
IC BIO;SOB DEMANDA;N/A;PTD LIPOSOME(BIOTIN) N;NÃO;20;337,943
IC BIO;B;063001005 ;SALICYLIC EASY;SIM;1;338,561
IC BIO;B;063001005 ;SALICYLIC EASY;NÃO;5;270,8488
IC BIO;SOB DEMANDA;N/A;SMART V – TDG;NÃO;50;831,622
IC BIO;SOB DEMANDA;063004018;SPICULE;NÃO;1;6905,0685
IC BIO;SOB DEMANDA;N/A;TECA SX;NÃO;1;1306,967
IC BIO;SOB DEMANDA;N/A;TECAOIL;NÃO;10;770,5121
FOCUS;A;061004004;BIO-SODIUM HYALURONATE 1% SOLUTION;SIM;0,9;27,755
FOCUS;A;061004004;BIO-SODIUM HYALURONATE 1% SOLUTION;SIM;9;21,35
JOYVO;B;038004011;HA NATIFLEX HYAMATE;NÃO;1;1926,666667
JOYVO;B;038004012;HYALURONIC ACID AQUAJUVE OMNI;NÃO;1;1313,044444
JOYVO;B;038004006;PULLULAN;SIM;1;216,6666667
JOYVO;B;038004006;PULLULAN;NÃO;10;166,6666667
KPT;B;008008005;INNOVA CHARCOAL C-F23;NÃO ;1;283,1111111
KPT;B;008008005;INNOVA CHARCOAL C-F23;NÃO ;5;231,1111111
KPT;C;008008004;INNOVA CHARCOAL C-S 0206;NÃO ;5;108,8888889
KPT;B;008008003;INNOVA CHARCOAL F-79;SIM;5;291,6666667
KPT;B;008008003;INNOVA CHARCOAL F-79;NÃO ;20;233,3333333
KPT;A;008008001;INNOVA CHARCOAL POWDER 200;SIM;1;172,25
KPT;A;008008001;INNOVA CHARCOAL POWDER 200;NÃO ;20;132,5
KPT;B;008014001;INNOVA SPHERE F5-BL45;NÃO ;1;288,8888889
KPT;B;008014001;INNOVA SPHERE F5-BL45;NÃO ;5;217,7777778
KPT;B;008014073;INNOVA SPHERE F5-BL45HA;NÃO ;1;288,8888889
KPT;B;008014073;INNOVA SPHERE F5-BL45HA;NÃO ;5;217,7777778
KPT;B;008014075;INNOVA SPHERE F5-WH56;NÃO ;5;217,7777778
KPT;B;008014040;INNOVA SPHERE P5-BK12;NÃO ;1;288,8888889
KPT;B;008014040;INNOVA SPHERE P5-BK12;NÃO ;5;217,7777778
KPT;B;008014002;INNOVA SPHERE P5-GO12;NÃO ;1;288,8888889
KPT;B;008014002;INNOVA SPHERE P5-GO12;NÃO ;5;217,7777778
KPT;B;008014072;INNOVA SPHERE P5-GO12PPG;NÃO ;1;288,8888889
KPT;B;008014072;INNOVA SPHERE P5-GO12PPG;NÃO ;5;217,7777778
KPT;B;008014055;INNOVA SPHERE P5-PI12;NÃO ;1;288,8888889
KPT;B;008014055;INNOVA SPHERE P5-PI12;NÃO ;5;217,7777778
KPT;B;008014078;INNOVA SPHERE P5-RE12;NÃO ;1;288,8888889
KPT;B;008014078;INNOVA SPHERE P5-RE12;NÃO ;5;217,7777778
KPT;B;008014042;INNOVA SPHERE P5-VI12;NÃO ;1;288,8888889
KPT;B;008014042;INNOVA SPHERE P5-VI12;NÃO ;5;217,7777778
KPT;B;008014043;INNOVA SPHERE S5-BK45;NÃO ;1;288,8888889
KPT;B;008014043;INNOVA SPHERE S5-BK45;NÃO ;5;217,7777778
KPT;B;008014068;INNOVA SPHERE S5-JA45;NÃO ;1;288,8888889
KPT;B;008014068;INNOVA SPHERE S5-JA45;NÃO ;5;217,7777778
KPT;C;008014056;INNOVA SPHERE T5-JA34CA30N;NÃO ;1;733,3333333
KPT;B;008014007;INNOVA SP-RA4-SV3545A;NÃO ;5;217,7777778
KUMAR;C;031004010;DIAMINOPYRIMIDINE OXIDE;SIM;5;992,5
KUMAR;C;031004010;DIAMINOPYRIMIDINE OXIDE;NÃO;1;1240,625
KUMAR;C;031004010;DIAMINOPYRIMIDINE OXIDE;NÃO;25;794
KUMAR;B;031004004;HEXYL RESORCINOL;SIM;1;952,025
KUMAR;B;031004004;HEXYL RESORCINOL;NÃO;20;719,66
KUMAR;B;031004006;N-BUTYL RESORCINOL;SIM;1;929,725
KUMAR;B;031004006;N-BUTYL RESORCINOL;NÃO;10;743,78
KUMAR;A;031004013;PIROCTONE OLAMINE;SIM;1;184,6
KUMAR;A;031004013;PIROCTONE OLAMINE;NÃO;25;142
MICRO POWDERS;A;026003003;BIOSOFT 915;SIM;1;85,5691452
MICRO POWDERS;A;026003003;BIOSOFT 915;SIM;5;77,790132
MICRO POWDERS;A;026003003;BIOSOFT 915;NÃO;25;73,21090182
MICRO POWDERS;A;026003004;BIOWHITE 20PC;NÃO;25;109,321522
MICRO POWDERS;A;026003004;BIOWHITE 20PC;NÃO;70;96,89060182
MICRO POWDERS;A;026003005;BIOWHITE 50PC;NÃO;25;121,11152
MICRO POWDERS;A;026003005;BIOWHITE 50PC;NÃO;70;107,6087818
MICRO POWDERS;C;026005090;CELSCRUB 20;SIM;1;74,0677087
MICRO POWDERS;C;026005090;CELSCRUB 20;SIM;5;67,33428064
MICRO POWDERS;C;026005090;CELSCRUB 20;NÃO;25;61,2129824
MICRO POWDERS;C;026005090;CELSCRUB 20;NÃO;55;52,89600582
MICRO POWDERS;DESCONTINUADO;DESCONTINUADO;ECOSCRUB 100PC;NÃO;25;100,321176
MICRO POWDERS;DESCONTINUADO;DESCONTINUADO;ECOSCRUB 100PC;NÃO;70;88,44890909
MICRO POWDERS;DESCONTINUADO;026005002;ECOSCRUB 1435PC;NÃO;25;55,2683168
MICRO POWDERS;DESCONTINUADO;026005002;ECOSCRUB 1435PC;NÃO;70;47,49176436
MICRO POWDERS;DESCONTINUADO;DESCONTINUADO;ECOSCRUB 20PC;SIM;5;55,73943056
MICRO POWDERS;DESCONTINUADO;DESCONTINUADO;ECOSCRUB 20PC;NÃO;25;50,6722096
MICRO POWDERS;DESCONTINUADO;DESCONTINUADO;ECOSCRUB 20PC;NÃO;70;46,06564509
MICRO POWDERS;DESCONTINUADO;DESCONTINUADO;ECOSCRUB 40PC;NÃO;25;59,8093808
MICRO POWDERS;DESCONTINUADO;DESCONTINUADO;ECOSCRUB 40PC;NÃO;70;51,62000436
MICRO POWDERS;DESCONTINUADO;DESCONTINUADO;ECOSCRUB 50PC;NÃO;25;62,478976
MICRO POWDERS;DESCONTINUADO;DESCONTINUADO;ECOSCRUB 50PC;NÃO;70;54,04690909
MICRO POWDERS;DESCONTINUADO;DESCONTINUADO;ECOSCRUB 80PC;NÃO;25;79,542368
MICRO POWDERS;DESCONTINUADO;DESCONTINUADO;ECOSCRUB 80PC;NÃO;70;69,55908364
MICRO POWDERS;SOB DEMANDA;026005013;ECOSOFT 608;NÃO;25;90,138184
MICRO POWDERS;SOB DEMANDA;026005013;ECOSOFT 608;NÃO;70;79,19164364
MICRO POWDERS;SOB DEMANDA;026005014;ECOSOFT 608XF;NÃO;25;103,761376
MICRO POWDERS;SOB DEMANDA;026005014;ECOSOFT 608XF;NÃO;70;91,57636364
MICRO POWDERS;SOB DEMANDA;N/A;ECOSOFT 611;NÃO;25;90,6812
MICRO POWDERS;SOB DEMANDA;N/A;ECOSOFT 611;NÃO;70;79,75945455
MICRO POWDERS;DESCONTINUADO;026005016;ECOSOFT 627S;NÃO;25;123,3292336
MICRO POWDERS;DESCONTINUADO;026005016;ECOSOFT 627S;NÃO;70;109,3653251
MICRO POWDERS;A;026003008;GELCREAM 114S;SIM;5;87,28014
MICRO POWDERS;A;026003008;GELCREAM 114S;NÃO;15;79,34558182
MICRO POWDERS;C;026003009;GELMATTE 511;NÃO;15;77,86560291
MICRO POWDERS;C;026005038;MATTEWAX 511;NÃO;25;52,433592
MICRO POWDERS;C;026005038;MATTEWAX 511;NÃO;55;44,91474182
MICRO POWDERS;C;026003012;MICROCARE 325;NÃO;25;55,67974
MICRO POWDERS;C;026003012;MICROCARE 325;NÃO;55;47,93994545
MICRO POWDERS;B;026003013;MICROCARE 350;SIM;1;92,7770646
MICRO POWDERS;B;026003013;MICROCARE 350;SIM;5;84,342786
MICRO POWDERS;B;026003013;MICROCARE 350;NÃO;25;76,67526
MICRO POWDERS;B;026003013;MICROCARE 350;NÃO;55;69,70478182
MICRO POWDERS;B;026003018;MICROCARE 350S;NÃO;25;133,04716
MICRO POWDERS;B;026003018;MICROCARE 350S;NÃO;55;118,2739636
MICRO POWDERS;DESCONTINUADO;026003017;MICROCARE 730;NÃO;25;72,52436
MICRO POWDERS;DESCONTINUADO;026003017;MICROCARE 730;NÃO;55;63,17907636
MICRO POWDERS;B;026005024;MICROEASE 110S;NÃO;25;34,65744
MICRO POWDERS;B;026005024;MICROEASE 110S;NÃO;70;28,82876364
MICRO POWDERS;C;026005025;MICROEASE 110XF;NÃO;55;26,78374545
MICRO POWDERS;A;026005074;MICROEASE 1132;SIM;5;41,363564
MICRO POWDERS;A;026005074;MICROEASE 1132;NÃO;25;37,60324
MICRO POWDERS;A;026005074;MICROEASE 1132;NÃO;70;31,50676364
MICRO POWDERS;C;026005026;MICROEASE 114S;SIM;5;39,419336
MICRO POWDERS;C;026005026;MICROEASE 114S;NÃO;25;35,83576
MICRO POWDERS;C;026005026;MICROEASE 114S;NÃO;70;29,89996364
MICRO POWDERS;DESCONTINUADO;026005084;MICROGREEN 5025;NÃO;25;56,453476
MICRO POWDERS;DESCONTINUADO;026005084;MICROGREEN 5025;NÃO;70;48,82874182
MICRO POWDERS;SOB DEMANDA;026005028;MICROPOLY 1160S;NÃO;25;103,0458144
MICRO POWDERS;SOB DEMANDA;026005028;MICROPOLY 1160S;NÃO;70;90,92585309
MICRO POWDERS;SOB DEMANDA;N/A;MICROPOLY 200;NÃO;25;44,4798496
MICRO POWDERS;SOB DEMANDA;N/A;MICROPOLY 200;NÃO;55;37,68406691
MICRO POWDERS;B;026005029;MICROPOLY 204 ;NÃO;25;43,09314
MICRO POWDERS;B;026005029;MICROPOLY 204 ;NÃO;70;36,49758182
MICRO POWDERS;C;026005030;MICROPOLY 220;NÃO;25;49,4612592
MICRO POWDERS;C;026005030;MICROPOLY 220;NÃO;55;42,21262109
MICRO POWDERS;SOB DEMANDA;026005031;MICROPOLY 220L;NÃO;25;44,727544
MICRO POWDERS;SOB DEMANDA;026005031;MICROPOLY 220L;NÃO;70;37,90924364
MICRO POWDERS;SOB DEMANDA;N/A;MICROPOLY 250S;NÃO;25;153,2452128
MICRO POWDERS;SOB DEMANDA;N/A;MICROPOLY 250S;NÃO;55;136,5616698
MICRO POWDERS;C;026005033;MICROPOLY 4039;NÃO;70;35,36870182
MICRO POWDERS;C;026005033;MICROPOLY 4039;SIM;5;38,9
MICRO POWDERS;C;026005073;MICROPOLY 4049;SIM;5;48,053414
MICRO POWDERS;C;026005073;MICROPOLY 4049;NÃO;25;43,68492182
MICRO POWDERS;DESCONTINUADO;DESCONTINUADO;MICROSCRUB 100PC;NÃO;25;43,764288
MICRO POWDERS;DESCONTINUADO;DESCONTINUADO;MICROSCRUB 100PC;NÃO;55;37,03355636
MICRO POWDERS;DESCONTINUADO;DESCONTINUADO;MICROSCRUB 1435PC;NÃO;25;32,3153024
MICRO POWDERS;DESCONTINUADO;DESCONTINUADO;MICROSCRUB 1435PC;NÃO;70;26,62538764
MICRO POWDERS;DESCONTINUADO;DESCONTINUADO;MICROSCRUB 20PC;NÃO;25;25,9578128
MICRO POWDERS;DESCONTINUADO;DESCONTINUADO;MICROSCRUB 20PC;NÃO;70;20,84585164
MICRO POWDERS;DESCONTINUADO;DESCONTINUADO;MICROSCRUB 35PC;NÃO;25;28,3797136
MICRO POWDERS;DESCONTINUADO;DESCONTINUADO;MICROSCRUB 35PC;NÃO;70;23,04757964
MICRO POWDERS;DESCONTINUADO;026005021;MICROSCRUB 50PC;NÃO;25;30,141096
MICRO POWDERS;DESCONTINUADO;026005021;MICROSCRUB 50PC;NÃO;70;24,64883636
MICRO POWDERS;DESCONTINUADO;DESCONTINUADO;MICROSCRUB 80PC;NÃO;25;35,783024
MICRO POWDERS;DESCONTINUADO;DESCONTINUADO;MICROSCRUB 80PC;NÃO;55;29,77786182
MICRO POWDERS;A;026003020;MICROSILK 417S;SIM;5;123,068
MICRO POWDERS;A;026003020;MICROSILK 417S;NÃO;25;86,62
MICRO POWDERS;A;026003020;MICROSILK 417S;NÃO;70;76,05454545
MICRO POWDERS;A;026005036;MICROSILK 422;NÃO;25;67,94498
MICRO POWDERS;A;026005036;MICROSILK 422;NÃO;70;59,09016364
MICRO POWDERS;SOB DEMANDA;N/A;MICROSORB 944S;NÃO;18.18;117,696658
MICRO POWDERS;SOB DEMANDA;N/A;MICROSORB 944S;NÃO;34.1;104,5043618
MICRO POWDERS;B;026005037;MICROSORB 988S;NÃO;18.18;104,4729
MICRO POWDERS;B;026005037;MICROSORB 988S;NÃO;34.1;92,29736364
MICRO POWDERS;C;026005041;NATUREBEAD  C14;NÃO;25;126,61996
MICRO POWDERS;C;026005041;NATUREBEAD  C14;NÃO;70;112,4310545
MICRO POWDERS;B;026005086;NATUREBEAD AQUA R10;NÃO;25;157,802592
MICRO POWDERS;B;026005086;NATUREBEAD AQUA R10;NÃO;70;140,9643018
MICRO POWDERS;SOB DEMANDA;026005040;NATUREBEAD B20;NÃO;25;100,40234
MICRO POWDERS;SOB DEMANDA;026005040;NATUREBEAD B20;NÃO;70;88,59685455
MICRO POWDERS;B;026005042;NATUREBEAD COCOA C20;SIM;1;117,9266
MICRO POWDERS;B;026005042;NATUREBEAD COCOA C20;SIM;5;107,202194
MICRO POWDERS;B;026005042;NATUREBEAD COCOA C20;NÃO;25;97,45654
MICRO POWDERS;B;026005042;NATUREBEAD COCOA C20;NÃO;70;85,91885455
MICRO POWDERS;SOB DEMANDA;026005083;NATUREBEAD G20;NÃO;25;126,45928
MICRO POWDERS;SOB DEMANDA;026005083;NATUREBEAD G20;NÃO;70;112,2849818
MICRO POWDERS;B;026005076;NATUREBEAD GREEN TEA R20;NÃO;25;133,87734
MICRO POWDERS;B;026005076;NATUREBEAD GREEN TEA R20;NÃO;70;119,0286727
MICRO POWDERS;DESCONTINUADO;026005043;NATUREBEAD J20;NÃO;25;145,01782
MICRO POWDERS;DESCONTINUADO;026005043;NATUREBEAD J20;NÃO;70;129,1563818
MICRO POWDERS;A;026005094;NATUREBEAD PURPLE H20;SIM;5;109,2
MICRO POWDERS;A;026005094;NATUREBEAD PURPLE H20;NÃO;25;82,38181818
MICRO POWDERS;SOB DEMANDA;026005045;NATUREBEAD R20;NÃO;25;127,04844
MICRO POWDERS;SOB DEMANDA;026005045;NATUREBEAD R20;NÃO;70;112,8205818
MICRO POWDERS;B;026005085;NATUREBEAD SEAFOAM C10;NÃO;25;130,20951
MICRO POWDERS;B;026005085;NATUREBEAD SEAFOAM C10;NÃO;70;115,8796818
MICRO POWDERS;A;026005092;NATUREBEAD WHITE H20;NÃO;25;61,06252
MICRO POWDERS;A;026005092;NATUREBEAD WHITE H20;NÃO;70;52,83338182
MICRO POWDERS;B;026005046;NATUREBEAD YELLOW C20;NÃO;25;95,44804
MICRO POWDERS;B;026005046;NATUREBEAD YELLOW C20;NÃO;70;84,09294545
MICRO POWDERS;C;026005079;NATUREBLUE 20RS;NÃO;25;166,3347
MICRO POWDERS;C;026005079;NATUREBLUE 20RS;NÃO;70;148,5353636
MICRO POWDERS;C;026005044;NATUREBROWN 20RS;NÃO;25;166,3347
MICRO POWDERS;C;026005044;NATUREBROWN 20RS;NÃO;70;148,5353636
MICRO POWDERS;A;026005089;NATURECEL 750;SIM;1;65,04310085
MICRO POWDERS;A;026005089;NATURECEL 750;SIM;5;59,13009168
MICRO POWDERS;A;026005089;NATURECEL 750;NÃO;25;56,7820048
MICRO POWDERS;A;026005089;NATURECEL 750;NÃO;55;48,86784436
MICRO POWDERS;A;026005091;NATURECEL 793;NÃO;25;43,6542016
MICRO POWDERS;A;026005091;NATURECEL 793;NÃO;70;36,93347782
MICRO POWDERS;A;026003019;NATUREGEL MC750;NÃO;15;103,6363636
MICRO POWDERS;C;026005004;NATUREGREEN 20RS;SIM;1;197,700569
MICRO POWDERS;C;026005004;NATUREGREEN 20RS;SIM;5;179,72779
MICRO POWDERS;C;026005004;NATUREGREEN 20RS;NÃO;25;166,3347
MICRO POWDERS;C;026005004;NATUREGREEN 20RS;NÃO;70;148,5353636
MICRO POWDERS;C;026005081;NATURERED 20RS;NÃO;25;166,3347
MICRO POWDERS;C;026005081;NATURERED 20RS;NÃO;70;148,5353636
MICRO POWDERS;B;026005047;NATURESCRUB C20;NÃO;25;77,559
MICRO POWDERS;B;026005047;NATURESCRUB C20;NÃO;55;67,83018182
MICRO POWDERS;B;026005048;"NATURESCRUB C50
";NÃO;25;81,01362
MICRO POWDERS;B;026005048;"NATURESCRUB C50
";NÃO;55;70,97074545
MICRO POWDERS;B;026005049;NATURESCRUB COCOA C50;SIM;5;111,034
MICRO POWDERS;B;026005049;NATURESCRUB COCOA C50;NÃO;25;77,66612
MICRO POWDERS;B;026005049;NATURESCRUB COCOA C50;NÃO;55;67,92756364
MICRO POWDERS;C;026005050;NATURESCRUB H14;NÃO;25;50,08272
MICRO POWDERS;C;026005050;NATURESCRUB H14;NÃO;55;42,85174545
MICRO POWDERS;A;026005001;NATURESCRUB H20;SIM;1;48,1246282
MICRO POWDERS;A;026005001;NATURESCRUB H20;SIM;5;46,990042
MICRO POWDERS;A;026005001;NATURESCRUB H20;NÃO;25;42,71822
MICRO POWDERS;A;026005001;NATURESCRUB H20;NÃO;55;36,15674545
MICRO POWDERS;A;026005051;NATURESCRUB H50;SIM;5;53,559176
MICRO POWDERS;A;026005051;NATURESCRUB H50;NÃO;25;48,69016
MICRO POWDERS;A;026005051;NATURESCRUB H50;NÃO;55;41,58578182
MICRO POWDERS;DESCONTINUADO;026005052;NATURESCRUB M20;NÃO;25;79,0745008
MICRO POWDERS;DESCONTINUADO;026005052;NATURESCRUB M20;NÃO;55;69,13374982
MICRO POWDERS;DESCONTINUADO;026005053;NATURESCRUB M50;NÃO;25;83,533
MICRO POWDERS;DESCONTINUADO;026005053;NATURESCRUB M50;NÃO;55;73,18693091
MICRO POWDERS;DESCONTINUADO;026005054;NATURESCRUB MOCHA H35;NÃO;25;63,92798
MICRO POWDERS;DESCONTINUADO;026005054;NATURESCRUB MOCHA H35;NÃO;55;55,43834545
MICRO POWDERS;A;026003002;NATURESOFT 800;SIM;1;68,6244504
MICRO POWDERS;A;026003002;NATURESOFT 800;SIM;5;62,385864
MICRO POWDERS;A;026003002;NATURESOFT 800;NÃO;25;56,71442182
MICRO POWDERS;A;026005055;NATURESOFT 810;NÃO;25;73,89014
MICRO POWDERS;A;026005055;NATURESOFT 810;NÃO;55;64,49485455
MICRO POWDERS;A;026005056;NATURESOFT 860R;NÃO;25;56,10822
MICRO POWDERS;A;026005056;NATURESOFT 860R;NÃO;55;48,32947273
MICRO POWDERS;B;026005069;NATURESOFT 860S;SIM;1;91,586
MICRO POWDERS;B;026005069;NATURESOFT 860S;SIM;5;83,26
MICRO POWDERS;B;026005069;NATURESOFT 860S;NÃO;25;75,69090909
MICRO POWDERS;B;026003014;NATURESOFT 880GT;SIM;1;86,0046704
MICRO POWDERS;B;026003014;NATURESOFT 880GT;SIM;5;78,186064
MICRO POWDERS;B;026003014;NATURESOFT 880GT;NÃO;25;74,02404
MICRO POWDERS;B;026003014;NATURESOFT 880GT;NÃO;55;64,61658182
MICRO POWDERS;A;026003016;NATURESORB 1000;NÃO;18;106,72242
MICRO POWDERS;A;026003016;NATURESORB 1000;NÃO;34,1;94,34238182
MICRO POWDERS;C;026019001;NATURETHIX 900;SIM;5;43,098
MICRO POWDERS;C;026019001;NATURETHIX 900;NÃO;25;30,14
MICRO POWDERS;C;026019001;NATURETHIX 900;NÃO;55;24,70909091
MICRO POWDERS;A;026005057;SYNSCRUB 100PC;NÃO;25;59,40216
MICRO POWDERS;A;026005057;SYNSCRUB 100PC;NÃO;70;51,32396364
MICRO POWDERS;C;026005058;SYNSCRUB 1435PC;NÃO;25;41,48634
MICRO POWDERS;C;026005058;SYNSCRUB 1435PC;NÃO;70;35,03685455
MICRO POWDERS;A;026005075;SYNSCRUB 164BKS;SIM;1;72,79525
MICRO POWDERS;A;026005075;SYNSCRUB 164BKS;SIM;5;66,1775
MICRO POWDERS;A;026005075;SYNSCRUB 164BKS;NÃO;25;60,16136364
MICRO POWDERS;A;026005059;SYNSCRUB 164BLS;SIM;5;73,97357
MICRO POWDERS;A;026005059;SYNSCRUB 164BLS;NÃO;25;67,2487
MICRO POWDERS;A;026005059;SYNSCRUB 164BLS;NÃO;70;58,45718182
MICRO POWDERS;A;026005060;SYNSCRUB 164BRS;NÃO;25;68,53414
MICRO POWDERS;A;026005060;SYNSCRUB 164BRS;NÃO;70;59,62576364
MICRO POWDERS;A;026005082;SYNSCRUB 164GRS;NÃO;25;68,42702
MICRO POWDERS;A;026005082;SYNSCRUB 164GRS;NÃO;70;59,52838182
MICRO POWDERS;SOB DEMANDA;026005088;SYNSCRUB 164GRSF (GREEN);SIM;1;84,254412
MICRO POWDERS;SOB DEMANDA;N/A;SYNSCRUB 164GRSF (GREEN);NÃO;25;79,54072
MICRO POWDERS;SOB DEMANDA;N/A;SYNSCRUB 164GRSF (GREEN);NÃO;70;69,63174545
MICRO POWDERS;A;026005061;SYNSCRUB 164RS;NÃO;25;99,17046
MICRO POWDERS;A;026005061;SYNSCRUB 164RS;NÃO;70;87,47696364
MICRO POWDERS;B;026005062;SYNSCRUB 164S;NÃO;25;61,11608
MICRO POWDERS;B;026005062;SYNSCRUB 164S;NÃO;70;52,88207273
MICRO POWDERS;C;026005063;SYNSCRUB 164SF;NÃO;25;63,12458
MICRO POWDERS;C;026005063;SYNSCRUB 164SF;NÃO;70;54,70798182
MICRO POWDERS;C;026005065;SYNSCRUB 200GRS;SIM;1;74,728148
MICRO POWDERS;C;026005065;SYNSCRUB 200GRS;SIM;5;67,93468
MICRO POWDERS;C;026005065;SYNSCRUB 200GRS;NÃO;25;64,7046
MICRO POWDERS;C;026005065;SYNSCRUB 200GRS;NÃO;70;56,14436364
MICRO POWDERS;A;026005003;SYNSCRUB 20PC;SIM;1;44,1389608
MICRO POWDERS;A;026005003;SYNSCRUB 20PC;SIM;5;40,126328
MICRO POWDERS;A;026005003;SYNSCRUB 20PC;NÃO;25;39,42428
MICRO POWDERS;A;026005003;SYNSCRUB 20PC;NÃO;70;33,16225455
MICRO POWDERS;SOB DEMANDA;026005066;SYNSCRUB 35PC;NÃO;25;40,95074
MICRO POWDERS;SOB DEMANDA;026005066;SYNSCRUB 35PC;NÃO;70;34,54994545
MICRO POWDERS;B;026005067;SYNSCRUB 50BLS;NÃO;25;69,36432
MICRO POWDERS;B;026005067;SYNSCRUB 50BLS;NÃO;70;60,38047273
MICRO POWDERS;A;026005068;SYNSCRUB 50PC;NÃO;25;42,95924
MICRO POWDERS;A;026005068;SYNSCRUB 50PC;NÃO;70;36,37585455
MICRO POWDERS;SOB DEMANDA;026005070;SYNSCRUB 80PC;NÃO;25;52,43936
MICRO POWDERS;SOB DEMANDA;026005070;SYNSCRUB 80PC;NÃO;70;44,99414545
MICRO POWDERS;A;026005071;SYNSCRUB BERRY 3060S;SIM;1;83,9956348
MICRO POWDERS;A;026005071;SYNSCRUB BERRY 3060S;SIM;5;76,359668
MICRO POWDERS;A;026005071;SYNSCRUB BERRY 3060S;NÃO;25;72,36368
MICRO POWDERS;A;026005071;SYNSCRUB BERRY 3060S;NÃO;70;63,10716364
MICRO POWDERS;A;026005072;SYNSCRUB ORANGE 1420S;NÃO;25;68,48
MICRO POWDERS;A;026005072;SYNSCRUB ORANGE 1420S;NÃO;70;59,57707273
MPR;SOB DEMANDA ;N/A;ESTEARATO DE OCTILA - CETIOL 868;NÃO;20;18,7758181
MPR;SOB DEMANDA ;N/A;FILTRASOL-FILTRO SOLAR UVA+UVB HS;NÃO;10;39,48945151
MPR;SOB DEMANDA ;N/A;MANTEIGA DE ABACATE;NÃO;27;12,72508864
MPR;SOB DEMANDA ;N/A;MANTEIGA DE AMENDOAS;NÃO;27;11,87938588
MPR;SOB DEMANDA ;N/A;MANTEIGA DE ARGAN;NÃO;27;35,34307431
MPR;SOB DEMANDA ;N/A;MANTEIGA DE CEREAIS - VEGESOL;NÃO;27;11,51129224
MPR;SOB DEMANDA ;N/A;MANTEIGA DE COCO;NÃO;27;12,1866376
MPR;SOB DEMANDA ;N/A;MANTEIGA DE KARITE;NÃO;27;12,4330474
MPR;SOB DEMANDA ;N/A;MANTEIGA DE MANGA;NÃO;27;12,90761442
MPR;SOB DEMANDA ;N/A;MANTEIGA DE OLIVA;NÃO;27;10,90895718
MPR;SOB DEMANDA ;N/A;MANTEIGA DE PESSEGO;NÃO;27;10,87245202
MPR;SOB DEMANDA ;N/A;MIRISTATO DE ISOPROPILA;NÃO;20;24,89043157
MPR;SOB DEMANDA ;N/A;OLEATO DE DECILA-CETIOL V;NÃO;20;30,67345656
MPR;SOB DEMANDA ;N/A;OLEO DE ABACATE;NÃO;20;10,95763072
MPR;SOB DEMANDA ;N/A;OLEO DE AMENDOAS;NÃO;20;7,836439957
MPR;SOB DEMANDA ;N/A;OLEO DE ARGAN;NÃO;20;41,74060274
MPR;SOB DEMANDA ;N/A;OLEO DE AVELÃ;NÃO;20;18,33471414
MPR;SOB DEMANDA ;N/A;OLEO DE CAFÉ VERDE;NÃO;10;253,1997556
MPR;SOB DEMANDA ;N/A;OLEO DE CALENDULA;NÃO;20;11,43523983
MPR;SOB DEMANDA ;N/A;OLEO DE CASTANHA DO PARA;NÃO;20;13,79590652
MPR;SOB DEMANDA ;N/A;OLEO DE CENOURA;NÃO;20;6,254549904
MPR;SOB DEMANDA ;N/A;OLEO DE COCO ORBIGNYA OLEÍFERA;NÃO;27;5,749561925
MPR;SOB DEMANDA ;N/A;OLEO DE COPAIBA;NÃO;20;51,60916299
MPR;SOB DEMANDA ;N/A;OLEO DE FRAMBOESA;NÃO;20;37,53642571
MPR;SOB DEMANDA ;N/A;OLEO DE GERGELIM;NÃO;20;8,861626396
MPR;SOB DEMANDA ;N/A;OLEO DE GERMEN DE TRIGO;NÃO;20;10,43439016
MPR;SOB DEMANDA ;N/A;OLEO DE GIRASSOL;NÃO;20;10,01336404
MPR;SOB DEMANDA ;N/A;OLEO DE GIRASSOL;NÃO;180;7,49268308
MPR;SOB DEMANDA ;N/A;OLEO DE LINHAÇA;NÃO;20;12,06495375
MPR;SOB DEMANDA ;N/A;OLEO DE MACADAMIA;NÃO;20;19,02526999
MPR;SOB DEMANDA ;N/A;OLEO DE MARACUJA;NÃO;20;13,19965566
MPR;SOB DEMANDA ;N/A;OLEO DE MENTA;NÃO;20;136,5627431
MPR;SOB DEMANDA ;N/A;OLEO DE MONOI DO TAHITI -BALDE;NÃO;27;15,02491341
MPR;SOB DEMANDA ;N/A;OLEO DE OLIVA;NÃO;20;11,40481887
MPR;SOB DEMANDA ;N/A;OLEO DE PESSEGO;NÃO;20;10,05412813
MPR;SOB DEMANDA ;N/A;OLEO DE ROSA MOSQUETA;NÃO;20;55,79721691
MPR;SOB DEMANDA ;N/A;OLEO DE ROSA MOSQUETA;NÃO;180;42,75362079
MPR;SOB DEMANDA ;N/A;OLEO DE ROSA MOSQUETA BLEND;NÃO;20;18,58720813
MPR;SOB DEMANDA ;N/A;OLEO DE SEMENTE DE UVA;NÃO;20;7,544398717
MPR;SOB DEMANDA ;N/A;PALMITATO DE ISOPROPILA;NÃO;20;24,22421249
MPR;SOB DEMANDA ;N/A;PALMITATO DE OCTILA;NÃO;20;20,97525369
NORMACTIVE;SOB DEMANDA ;N/A;ALOE VERA JUICE 99%;NÃO;25;163,4310364
NORMACTIVE;SOB DEMANDA ;N/A;ALOE VERA JUICE 99%;NÃO;100;113,4685455
NORMACTIVE;SOB DEMANDA ;N/A;ALOE VERA LEAF (JUICE) EXTRACT;NÃO;5;233,1588527
NORMACTIVE;SOB DEMANDA ;N/A;ALOE VERA LEAF (JUICE) EXTRACT;NÃO;25;152,8164182
NORMACTIVE;SOB DEMANDA ;N/A;ALOE VERA LEAF (JUICE) EXTRACT;NÃO;100;105,3034545
NORMACTIVE;SOB DEMANDA ;N/A;APRICOT SEED POWDER;NÃO;25;115,5098182
NORMACTIVE;SOB DEMANDA ;N/A;BIOMIRA 112™;NÃO;5;454,2534091
NORMACTIVE;SOB DEMANDA ;N/A;BIOMIRA 112™;NÃO;25;334,0945455
NORMACTIVE;SOB DEMANDA ;N/A;BIOMIRA 112™;NÃO;100;248,5184
NORMACTIVE;B;099004001;BIOVITRIENT 124;NÃO;5;296,1088945
NORMACTIVE;B;099004001;BIOVITRIENT 124;NÃO;25;264,6772273
NORMACTIVE;B;099004001;BIOVITRIENT 124;NÃO;100;173,0549818
NORMACTIVE;SOB DEMANDA ;N/A;BIOVITRIENT 124™ UD- HAIR MULTI-NOURISHMENT;NÃO;5;395,4497727
NORMACTIVE;SOB DEMANDA ;N/A;BIOVITRIENT 124™ UD- HAIR MULTI-NOURISHMENT;NÃO;25;264,6772273
NORMACTIVE;SOB DEMANDA ;N/A;BIOVITRIENT 124™ UD- HAIR MULTI-NOURISHMENT;NÃO;100;175,2123636
NORMACTIVE;B;099004002;BIOVOLUME 128;NÃO;5;528,1793182
NORMACTIVE;B;099004002;BIOVOLUME 128;NÃO;25;261,9570909
NORMACTIVE;B;099004002;BIOVOLUME 128;NÃO;100;173,0549818
NORMACTIVE;B;099004004;CHROMAZONE;NÃO;5;605,5463636
NORMACTIVE;B;099004004;CHROMAZONE;NÃO;25;316,3598182
NORMACTIVE;B;099004004;CHROMAZONE;NÃO;100;216,2026182
NORMACTIVE;SOB DEMANDA ;N/A;CHROMAZONE™ SP- HAIR COLOR PROTECTION;NÃO;5;605,5397727
NORMACTIVE;SOB DEMANDA ;N/A;CHROMAZONE™ SP- HAIR COLOR PROTECTION;NÃO;25;316,3598182
NORMACTIVE;SOB DEMANDA ;N/A;CHROMAZONE™ SP- HAIR COLOR PROTECTION;NÃO;100;216,2026182
NORMACTIVE;B;099004003;DANDELIX PRO;NÃO;5;7362,268333
NORMACTIVE;B;099004003;DANDELIX PRO;NÃO;25;264,6772273
NORMACTIVE;B;099004003;DANDELIX PRO;NÃO;100;175,2123636
NORMACTIVE;SOB DEMANDA ;N/A;DANDELIX PRO™ CM - ANTI-DANDRUFF, ANTI IRRITATION;NÃO;5;539,7727273
NORMACTIVE;SOB DEMANDA ;N/A;DANDELIX PRO™ CM - ANTI-DANDRUFF, ANTI IRRITATION;NÃO;25;270,1175
NORMACTIVE;SOB DEMANDA ;N/A;DANDELIX PRO™ CM - ANTI-DANDRUFF, ANTI IRRITATION;NÃO;100;179,5271273
NORMACTIVE;SOB DEMANDA ;N/A;GERMAN CHAMOMILE FLOWER EXTRACT – G25;NÃO;5;233,1588527
NORMACTIVE;SOB DEMANDA ;N/A;GERMAN CHAMOMILE FLOWER EXTRACT – G25;NÃO;25;152,8164182
NORMACTIVE;SOB DEMANDA ;N/A;GERMAN CHAMOMILE FLOWER EXTRACT – G25;NÃO;100;107,3447273
NORMACTIVE;SOB DEMANDA ;N/A;GERMAN CHAMOMILE FLOWER EXTRACT – G90;NÃO;5;240,0583545
NORMACTIVE;SOB DEMANDA ;N/A;GERMAN CHAMOMILE FLOWER EXTRACT – G90;NÃO;25;163,4310364
NORMACTIVE;SOB DEMANDA ;N/A;GERMAN CHAMOMILE FLOWER EXTRACT – G90;NÃO;100;113,4685455
NORMACTIVE;SOB DEMANDA ;N/A;"GOLDEN GLOW (TURMERIC+BLACK
PEPER+WHEAT GERM)";NÃO;25;137,9638182
NORMACTIVE;B;099004008;LIPSTHICK;NÃO;1;1144,943182
NORMACTIVE;B;099004008;LIPSTHICK;NÃO;5;802,2727273
NORMACTIVE;B;099004008;LIPSTHICK;NÃO;25;476,1970909
NORMACTIVE;SOB DEMANDA ;N/A;OAT KERNEL FLOUR;NÃO;25;111,4272727
NORMACTIVE;SOB DEMANDA ;N/A;OLIVE DERIVED SQUALENE;NÃO;25;236,2445455
NORMACTIVE;SOB DEMANDA ;N/A;OLIVE DERIVED SQUALENE;NÃO;100;170,6241818
NORMACTIVE;SOB DEMANDA ;N/A;OLIVE KERNEL OIL;NÃO;5;384,0846591
NORMACTIVE;SOB DEMANDA ;N/A;OLIVE KERNEL OIL;NÃO;25;274,1204545
NORMACTIVE;SOB DEMANDA ;N/A;OLIVE KERNEL OIL;NÃO;100;201,6178182
NORMACTIVE;SOB DEMANDA ;N/A;OLIVE SEED POWDER;NÃO;25;131,84
NORMACTIVE;SOB DEMANDA ;N/A;PUMPKIN SEEDCAKE;NÃO;25;127,7574545
NORMACTIVE;SOB DEMANDA ;N/A;RICE BRAN OIL;NÃO;5;432,4244318
NORMACTIVE;SOB DEMANDA ;N/A;RICE BRAN OIL;NÃO;25;315,5545455
NORMACTIVE;SOB DEMANDA ;N/A;RICE BRAN OIL;NÃO;100;234,7650909
NORMACTIVE;SOB DEMANDA ;N/A;RICE GERM POWDER;NÃO;25;107,3447273
NORMACTIVE;B;099004007;ROSECOCKTAIL;NÃO;1;877,1306818
NORMACTIVE;B;099004007;ROSECOCKTAIL;NÃO;5;676,2886364
NORMACTIVE;B;099004007;ROSECOCKTAIL;NÃO;25;506,5259091
NORMACTIVE;B;099004007;ROSECOCKTAIL;NÃO;100;380,1261818
NORMACTIVE;SOB DEMANDA ;N/A;ROSEHIP SEED POWDER;NÃO;25;119,5923636
NORMACTIVE;SOB DEMANDA ;N/A;ROSEMARY HYDROSOL;NÃO;100;101,2209091
NORMACTIVE;SOB DEMANDA ;N/A;RUSCOGENINS 92-103;NÃO;5;8074,758571
NORMACTIVE;SOB DEMANDA ;N/A;SESAME SEED POWDER;NÃO;25;103,2621818
NORMACTIVE;B;099004006;SMARTEEN;NÃO;0,1;10253,65
NORMACTIVE;B;099004006;SMARTEEN;NÃO;0,5;9334,007143
NORMACTIVE;B;099004006;SMARTEEN;NÃO;1;7678,65
NORMACTIVE;B;099004006;SMARTEEN;NÃO;5;7310
NORMACTIVE;B;099004005;TRI MEA;NÃO;5;617,1514205
NORMACTIVE;B;099004005;TRI MEA;NÃO;25;322,7272727
NORMACTIVE;B;099004005;TRI MEA;NÃO;100;222,6747636
OLI;SOB DEMANDA ;N/A; OLI-2189;NÃO;0,1;7097,1
OLI;SOB DEMANDA ;N/A; OLP-6300;NÃO;10;218,52
OLI;C;077004026;CELLPOLYPID - PMB 8100E;NÃO;1;345,9358
OLI;C;077004026;CELLPOLYPID - PMB 8100E;NÃO;1;576
OLI;SOB DEMANDA ;N/A;CELLPOLYPID 3100;NÃO;5;270
OLI;SOB DEMANDA ;N/A;OLI- 2208 OLICOCLEAN-SF;NÃO;5;644
OLI;SOB DEMANDA ;N/A;OLI-1900 OLICOYOUNG RETINOL;NÃO;1;2716
OLI;SOB DEMANDA ;N/A;OLI-2190 OLICOLIGHT GRR;NÃO;1;1214
OLI;SOB DEMANDA ;N/A;OLI-4432;NÃO;25;89,98
OLI;SOB DEMANDA ;N/A;OLI-4706;NÃO;5;400
OLI;SOB DEMANDA ;N/A;OLI-4706;NÃO;100;238,68
OLI;SOB DEMANDA ;N/A;OLI-4706;NÃO;200;179,86
OLI;SOB DEMANDA ;N/A;OLI-4708;NÃO;5;450
OLI;SOB DEMANDA ;N/A;OLI-4818;NÃO;20;99,98
OLI;SOB DEMANDA ;077004011;OLI-4888;NÃO;5;98
OLI;SOB DEMANDA ;077004010;OLI-4888C;NÃO;120;73,18
OLI;C;077004005;OLI-7100 PREMIUM OIL CERAMIDE SOLUTION;NÃO;1;383,379184
OLI;C;077004002;OLI-7105 PREMIUM CARE FACTOR;NÃO;5;610,687
OLI;SOB DEMANDA ;N/A;OLI-8045;NÃO;25;73,92
OLI;SOB DEMANDA ;N/A;OLI-8046;NÃO;1;270,2926
OLI;SOB DEMANDA ;N/A;OLI-8046 (ZINC PCA);NÃO;1;370
OLI;A;077004003;OLICONEW-8106;SIM;1;206,8898
OLI;A;077004003;OLICONEW-8106;SIM;5;159,146
OLI;A;077004003;OLICONEW-8106;NÃO;20;122,42
OLI;SOB DEMANDA ;N/A;OLP-6120;NÃO;20;130,86
SALICYLATES;B;066004001;SALICAP CSA;SIM;1;306,8181818
SALICYLATES;B;066004001;SALICAP CSA;NÃO;5;245,4545455
SENTINALCO;C;025004001;DENATONIUM BENZOATE SOLUTION 25% w/w ETHANOL Abs;NÃO;0,8;257,55
SPEC CHEM;A;030004005;ALPHA ARBUTIN;SIM;1;592,63625
SPEC CHEM;A;030004005;ALPHA ARBUTIN;NÃO;25;442,282
SPEC CHEM;C;030004027;ASCORBIC ACID;SIM;5;24,44
SPEC CHEM;C;030004027;ASCORBIC ACID;NÃO;25;18,8
SPEC CHEM;B;030004010;ASCORBYL GLUCOSIDE;SIM;1;557,225
SPEC CHEM;B;030004010;ASCORBYL GLUCOSIDE;NÃO;25;415,1
SPEC CHEM;C;030004001;ASCORBYL PALMITATE;SIM;1;316,6
SPEC CHEM;C;030004001;ASCORBYL PALMITATE;NÃO;25;80,38
SPEC CHEM;C;030004063;ASTAXANTHIN POWDER;NÃO;1;1238,998279
SPEC CHEM;C;030004053;AZELAIC ACID;SIM;1;316,6
SPEC CHEM;C;030004053;AZELAIC ACID;NÃO;25;253,28
SPEC CHEM;SOB DEMANDA ;N/A;CAFFEIC ACID;NÃO;1;556,5
SPEC CHEM;C;030004034;COENZIME Q10;NÃO;1;426
SPEC CHEM;B;030004030;ETHYL ASCORBIC ACID;SIM;1;672,40625
SPEC CHEM;B;030004030;ETHYL ASCORBIC ACID;NÃO;25;400,26
SPEC CHEM;B;30004007;FERULIC ACID;SIM;1;373,75
SPEC CHEM;B;030004007;FERULIC ACID;NÃO;25;274,18
SPEC CHEM;A;030004015;GLYCOLIC ACID 70%;SIM;1;25,4852
SPEC CHEM;A;030004015;GLYCOLIC ACID 70%;SIM;5;19,604
SPEC CHEM;A;030004015;GLYCOLIC ACID 70%;SIM;25;15,08
SPEC CHEM;A;030004015;GLYCOLIC ACID 70%;NÃO;250;11,6
SPEC CHEM;C;030004017;GLYCYRRHETINIC ACID;NÃO;25;1025,16
SPEC CHEM;B;030004003;KOJIC ACID;SIM;1;96,2
SPEC CHEM;B;030004003;KOJIC ACID;NÃO;25;48
SPEC CHEM;C;030004009;KOJIC ACID DIPALMITATE;SIM;1;211,302
SPEC CHEM;C;030004009;KOJIC ACID DIPALMITATE;NÃO;25;143,18
SPEC CHEM;B;030004016;LACTOBIONIC ACID;SIM;1;517,65
SPEC CHEM;B;030004016;LACTOBIONIC ACID;NÃO;25;384,88
SPEC CHEM;C;CADASTRO SOLICITADO;MALIC ACID;NÃO;25;118,76
SPEC CHEM;B;030004060;MALTOBIONIC ACID;NÃO;1;859,8
SPEC CHEM;B;030004060;MALTOBIONIC ACID;NÃO;5;647,46
SPEC CHEM;A;030004006;MANDELIC ACID;SIM;1;93,76245736
SPEC CHEM;A;030004006;MANDELIC ACID;SIM;5;72,124
SPEC CHEM;A;030004006;MANDELIC ACID;NÃO;25;55,480744
SPEC CHEM;SOB DEMANDA ;030004107;MELATONIN;NÃO;1;622
SPEC CHEM;SOB DEMANDA ;N/A;ORYZANOL;NÃO;20;308,88
SPEC CHEM;C;030004040;RESVERATROL NATURAL;NÃO;1;862,1881121
SPEC CHEM;C;030004039;RESVERATROL SYNTHETIC;NÃO;1;629,8228681
SPEC CHEM;B;030004076;RETINOL RRT;NÃO;1;721,62
SPEC CHEM;C;030004106;SHIKIMIC ACID;NÃO;5;175,4
SPEC CHEM;A;030004095;SPONGE SPICULE;SIM;0,5;3399,0366
SPEC CHEM;A;030004095;SPONGE SPICULE;NÃO;1;2955,684
SPEC CHEM;A;030004095;SPONGE SPICULE;NÃO;5;2570,16
SPEC CHEM;A;030004008;TRANEXAMIC ACID;SIM;1;433,1230469
SPEC CHEM;A;030004008;TRANEXAMIC ACID;SIM;5;338,04394
SPEC CHEM;A;030004008;TRANEXAMIC ACID;NÃO;25;200,026
SPEC CHEM;C;030004055;TREHALOSE;NÃO;25;55,68
SPEC CHEM;C;030004100;TRIPEPTIDE TR41 SOLUTION;NÃO;1;250,08
SPEC CHEM;B;030004050;Y-POLYGLUTAMIC ACID (10KDA) - LMW;NÃO;1;1539,86
SPEC CHEM;B;030004051;Y-POLYGLUTAMIC ACID (700KDA) - MMW;NÃO;1;649,94
SPEC CHEM;B;030004052;Y-POLYGLUTAMIC ACID (2000KDA) - HMW;NÃO;1;1512,66
TAEKYUNG;SOB DEMANDA ;095004002;TELIKA_100SA;NÃO;10;230,5725801
TAEKYUNG;SOB DEMANDA ;095004001;TELIKA_SA;NÃO;10;201,1640182
TAEKYUNG;SOB DEMANDA ;N/A;ZINICA_ 30 AS;NÃO;10;156,3832252
TAEKYUNG;SOB DEMANDA ;N/A;ZINICA_ 60 AS;NÃO;10;156,3832252
UNIPOWDERS;A;CADASTRO SOLICITADO;B-050 CER（609334);NÃO;25;87,47165616
UNIPOWDERS;C;CADASTRO SOLICITADO;BP-50LL Plus(609856);NÃO;25;81,73408798
UNIPOWDERS;C;CADASTRO SOLICITADO;BP－50PF(609513);NÃO;25;160,2240207
UNIPOWDERS;B;CADASTRO SOLICITADO;BP-50SG（609903S）;NÃO;25;81,0455798
UNIPOWDERS;C;CADASTRO SOLICITADO;BP-50TMS(609319);NÃO;25;94,81574343
UNIPOWDERS;A;CADASTRO SOLICITADO;BT-GTCC Gel15PC（103307);NÃO;25;56,49588187
UNIPOWDERS;A;CADASTRO SOLICITADO;BT-ID Gel12/PC(103312);NÃO;25;55,26298123
UNIPOWDERS;A;CADASTRO SOLICITADO;R-029 CER（609333);NÃO;25;108,1269016
UNIPOWDERS;C;CADASTRO SOLICITADO;RP-29LL Plus(609855);NÃO;25;92,06171071
UNIPOWDERS;C;CADASTRO SOLICITADO;RP－29PF(609512);NÃO;25;160,2240207
UNIPOWDERS;B;CADASTRO SOLICITADO;RP-29SG（609902S）;NÃO;25;81,0455798
UNIPOWDERS;C;CADASTRO SOLICITADO;RP-29TMS（609318）;NÃO;25;80,58657434
UNIPOWDERS;C;CADASTRO SOLICITADO;Ti-02 LL(605301);NÃO;25;67,68516889
UNIPOWDERS;B;CADASTRO SOLICITADO;Ti-02 SG（605304S）;NÃO;25;48,62314616
UNIPOWDERS;C;CADASTRO SOLICITADO;Ti-02PF(605801);NÃO;25;127,5623462
UNIPOWDERS;C;CADASTRO SOLICITADO;Ti-02TMS(605903);NÃO;25;43,46518707
UNIPOWDERS;A;CADASTRO SOLICITADO;Ti-18 CER（605907);NÃO;25;50,86573707
UNIPOWDERS;SOB DEMANDA ;N/A;Trulybright pearl 172 IF-golden(611827);NÃO;25;202,2406234
UNIPOWDERS;SOB DEMANDA ;N/A;Trulybright pearl 173 golden（611825）;NÃO;25;125,9925325
UNIPOWDERS;SOB DEMANDA ;N/A;Trulybright pearl 174 bronze（611824);NÃO;25;125,9925325
UNIPOWDERS;SOB DEMANDA ;N/A;Trulybright pearl 175 Brown（611822）;NÃO;25;125,9925325
UNIPOWDERS;C;CADASTRO SOLICITADO;Uni-BIS 46(607010SM);NÃO;25;155,6921143
UNIPOWDERS;C;CADASTRO SOLICITADO;UNI-BN2831(608102SM);NÃO;25;158,8312734
UNIPOWDERS;C;CADASTRO SOLICITADO;UNI-SIL 609(611951S);NÃO;25;67,09787038
UNIPOWDERS;A;CADASTRO SOLICITADO;Y-075 CER（609332）;NÃO;25;89,76668343
UNIPOWDERS;C;CADASTRO SOLICITADO;YP-75LL Plus(609854);NÃO;25;82,88160162
UNIPOWDERS;C;CADASTRO SOLICITADO;YP－75PF(609511);NÃO;25;160,2240207
UNIPOWDERS;B;CADASTRO SOLICITADO;YP-75SG（609901S）;NÃO;25;81,0455798
UNIPOWDERS;C;CADASTRO SOLICITADO;YP-75TMS（609317）;NÃO;25;80,58657434
WINKEY;C;090004057;WACTIVE BAKUCHIOL;NÃO;1;5359,730889
WINKEY;C;090004057;WACTIVE BAKUCHIOL;NÃO;5;4084,751111
WINKEY;B;090004031;WACTIVE CAMELLIA SQUALANE;NÃO;1;366,3080556
WINKEY;B;090004031;WACTIVE CAMELLIA SQUALANE;NÃO;5;186,4071111
WINKEY;SOB DEMANDA ;090004040;WACTIVE CERAMIDE COMPLEX;NÃO;1;892,495
WINKEY;SOB DEMANDA ;090004040;WACTIVE CERAMIDE COMPLEX;NÃO;5;558,0311111
WINKEY;C;090004048;WACTIVE HPR-10;NÃO;1;1970,184
WINKEY;C;090004048;WACTIVE HPR-10;NÃO;5;1390,271111
WINKEY;DESCONTINUADO;090004034;WACTIVE MA;NÃO;1;6361,966667
WINKEY;DESCONTINUADO;090004034;WACTIVE MA;NÃO;5;5622,083333
WINKEY;C;090004035;WACTIVE NMN;NÃO;1;2252,678667
WINKEY;SOB DEMANDA ;090004035;WACTIVE NMN;NÃO;5;1600,391111
WINKEY;SOB DEMANDA ;N/A;WACTIVE OAT B-GLUCAN;NÃO;1;283,2213889
WINKEY;SOB DEMANDA ;N/A;WACTIVE OAT B-GLUCAN;NÃO;5;127,0791111
WINKEY;SOB DEMANDA ;N/A;WACTIVE PIONIN;NÃO;1;35072,97143
WINKEY;SOB DEMANDA ;N/A;WACTIVE PIONIN;NÃO;5;33717,78571
WINKEY;SOB DEMANDA ;N/A;WACTIVE TRI-CALMIN;NÃO;1;615,5680556
WINKEY;SOB DEMANDA ;N/A;WACTIVE TRI-CALMIN;NÃO;5;364,3911111
WINKEY;SOB DEMANDA ;N/A;WACTIVE® DER-XYLOSE E30;NÃO;1;632,8777778
WINKEY;SOB DEMANDA ;N/A;WACTIVE® DER-XYLOSE E30;NÃO;5;376,7511111
WINKEY;SOB DEMANDA ;N/A;WACTIVE® EGT;NÃO;1;19696,54286
WINKEY;SOB DEMANDA ;N/A;WACTIVE® EGT;NÃO;5;17532,07143
WINKEY;SOB DEMANDA ;N/A;WACTIVE® PRINSEPIA FERM;NÃO;1;472,0261111
WINKEY;SOB DEMANDA ;N/A;WACTIVE® PRINSEPIA FERM;NÃO;5;254,3871111
WINKEY;SOB DEMANDA ;N/A;WACTIVE®AD;NÃO;1;615,5680556
WINKEY;SOB DEMANDA ;N/A;WACTIVE®AD;NÃO;5;364,3911111
WINKEY;SOB DEMANDA ;N/A;WACTIVE®PRINSEPIA OIL;NÃO;1;588,8166667
WINKEY;SOB DEMANDA ;N/A;WACTIVE®PRINSEPIA OIL;NÃO;5;340,7011111
WINKEY;A;090004058;WINPEP DECATIDE;NÃO;1;494,4
WINKEY;A;090004058;WINPEP DECATIDE;NÃO;5;277,8711111
WINKEY;B;090004046;WINPEP SPARIN;NÃO;1;961,7625
WINKEY;B;090004046;WINPEP SPARIN;NÃO;5;611,5911111
WINKEY;C;090004023;WKPEP AKINE;NÃO;1;1371,96
WINKEY;C;090004023;WKPEP AKINE;NÃO;5;945,3111111
WINKEY;B;090004030;WKPEP ANTI-ACNE PEPTIDE;NÃO;1;979,0722222
WINKEY;B;090004030;WKPEP ANTI-ACNE PEPTIDE;NÃO;5;623,9511111
WINKEY;SOB DEMANDA ;N/A;WKPEP ARGINE 500 PLUS;NÃO;1;529,0194444
WINKEY;SOB DEMANDA ;N/A;WKPEP ARGINE 500 PLUS;NÃO;5;302,5911111
WINKEY;B;090004027;WKPEP ARGINE PLUS;NÃO;1;667,4972222
WINKEY;B;090004027;WKPEP ARGINE PLUS;NÃO;5;401,4711111
WINKEY;A;090004059;WKPEP CAFFYTIDE S;NÃO;1;2067,7456
WINKEY;A;090004059;WKPEP CAFFYTIDE S;NÃO;5;1468,963111
WINKEY;SOB DEMANDA ;090004010;WKPEP CARNOSINE;NÃO;1;1143,3
WINKEY;SOB DEMANDA ;090004037;WKPEP CLP2 PLUS;NÃO;1;1256,027778
WINKEY;SOB DEMANDA ;090004037;WKPEP CLP2 PLUS;NÃO;5;821,7111111
WINKEY;C;090004018;WKPEP CONOPEPTIDE;NÃO;1;1371,96
WINKEY;C;090004018;WKPEP CONOPEPTIDE;NÃO;5;945,3111111
WINKEY;C;090004014;WKPEP COPPER PEPTIDE;NÃO;0,01;22367,18571
WINKEY;C;090004014;WKPEP COPPER PEPTIDE;NÃO;0,5;19915,78571
WINKEY;A;090004004;WKPEP ERASIN;NÃO;1;1438,429333
WINKEY;A;090004004;WKPEP ERASIN;NÃO;5;994,7511111
WINKEY;C;090004022;WKPEP EYEPEP;NÃO;1;1325,266667
WINKEY;C;090004022;WKPEP EYEPEP;NÃO;5;871,1511111
WINKEY;C;090004007;WKPEP LIPIDIN;NÃO;1;979,0722222
WINKEY;C;090004007;WKPEP LIPIDIN;NÃO;5;623,9511111
WINKEY;A;090004001;WKPEP LIP-THICKENIN;NÃO;1;1338,725333
WINKEY;A;090004001;WKPEP LIP-THICKENIN;NÃO;5;920,5911111
WINKEY;B;090004017;WKPEP M-3000;NÃO;1;529,0194444
WINKEY;B;090004017;WKPEP M-3000;NÃO;5;302,5911111
WINKEY;C;090004008;WKPEP MELIT;NÃO;1;1256,027778
WINKEY;C;090004008;WKPEP MELIT;NÃO;5;821,7111111
WINKEY;A;090004011;WKPEP MULTI-SOOTHING PEPTIDES;NÃO;1;840,5944444
WINKEY;A;090004011;WKPEP MULTI-SOOTHING PEPTIDES;NÃO;5;525,0711111
WINKEY;C;090004009;WKPEP PRO-HAIR;NÃO;1;979,0722222
WINKEY;C;090004009;WKPEP PRO-HAIR;NÃO;5;623,9511111
WINKEY;B;090004006;WKPEP PRO-LASH;NÃO;1;2535,173333
WINKEY;B;090004006;WKPEP PRO-LASH;NÃO;5;1810,511111
WINKEY;C;090004029;WKPEP SALAREGEN S;NÃO;1;1587,985333
WINKEY;C;090004029;WKPEP SALAREGEN S;NÃO;5;1105,991111
WINKEY;C;090004005;WKPEP SAWMPEPTIDES;NÃO;1;1704,306667
WINKEY;C;090004005;WKPEP SAWMPEPTIDES;NÃO;5;1192,511111
WINKEY;C;090004047;WKPEP SAWMPEPTIDES OA-1.7;NÃO;1;1355,342667
WINKEY;C;090004047;WKPEP SAWMPEPTIDES OA-1.7;NÃO;5;932,9511111
WINKEY;C;090004002;WKPEP SRMPEPTIDES;NÃO;1;1325,266667
WINKEY;C;090004002;WKPEP SRMPEPTIDES;NÃO;5;871,1511111
WINKEY;C;090004003;WKPEP SWMPEPTIDES;NÃO;1;1325,266667
WINKEY;C;090004003;WKPEP SWMPEPTIDES;NÃO;5;871,1511111
WINKEY;A;090004028;WKPEP WATEREN;NÃO;1;373,2319444
WINKEY;A;090004028;WKPEP WATEREN;NÃO;5;191,3511111
WINKEY;C;090004045;WKPEP WHITENIN;NÃO;1;667,4972222
WINKEY;C;090004045;WKPEP WHITENIN;NÃO;5;401,4711111
WINKEY;SOB DEMANDA ;N/A;WKPEP®ANTIPROGERIN;NÃO;1;771,3555556
WINKEY;SOB DEMANDA ;N/A;WKPEP®ANTIPROGERIN;NÃO;5;475,6311111
WINKEY;SOB DEMANDA ;N/A;WKPEP®ARGINE1000;NÃO;1;667,4972222
WINKEY;SOB DEMANDA ;N/A;WKPEP®ARGINE1000;NÃO;5;401,4711111
WINKEY;SOB DEMANDA ;N/A;WKPEP®ARGINE500;NÃO;1;529,0194444
WINKEY;SOB DEMANDA ;N/A;WKPEP®ARGINE500;NÃO;5;302,5911111
WINKEY;SOB DEMANDA ;N/A;WKPEP®BRIGHTIN;NÃO;1;1704,306667
WINKEY;SOB DEMANDA ;N/A;WKPEP®BRIGHTIN;NÃO;5;1192,511111
WINKEY;SOB DEMANDA ;N/A;WKPEP®CALMIN;NÃO;1;805,975
WINKEY;SOB DEMANDA ;N/A;WKPEP®CALMIN;NÃO;5;500,3511111
WINKEY;SOB DEMANDA ;N/A;WKPEP®CARCININE;NÃO;1;1371,96
WINKEY;SOB DEMANDA ;N/A;WKPEP®CARCININE;NÃO;5;945,3111111
WINKEY;C;CADASTRO SOLICITADO;WKPEP®CHRISTAL PEPTIDE;NÃO;1;1082,930556
WINKEY;C;CADASTRO SOLICITADO;WKPEP®CHRISTAL PEPTIDE;NÃO;5;698,1111111
WINKEY;SOB DEMANDA ;N/A;WKPEP®COLL;NÃO;1;632,8777778
WINKEY;SOB DEMANDA ;N/A;WKPEP®COLL;NÃO;5;376,7511111
WINKEY;SOB DEMANDA ;N/A;WKPEP®DEBAGIN;NÃO;1;1186,788889
WINKEY;SOB DEMANDA ;N/A;WKPEP®DEBAGIN;NÃO;5;772,2711111
WINKEY;SOB DEMANDA ;N/A;WKPEP®DECIRCLIN;NÃO;1;1117,55
WINKEY;SOB DEMANDA ;N/A;WKPEP®DECIRCLIN;NÃO;5;722,8311111
WINKEY;SOB DEMANDA ;N/A;WKPEP®DEPUFFIN;NÃO;1;1013,691667
WINKEY;SOB DEMANDA ;N/A;WKPEP®DEPUFFIN;NÃO;5;648,6711111
WINKEY;SOB DEMANDA ;N/A;WKPEP®DESCARIN;NÃO;1;632,8777778
WINKEY;SOB DEMANDA ;N/A;WKPEP®DESCARIN;NÃO;5;376,7511111
WINKEY;SOB DEMANDA ;N/A;WKPEP®ELASTIN;NÃO;1;563,6388889
WINKEY;SOB DEMANDA ;N/A;WKPEP®ELASTIN;NÃO;5;327,3111111
WINKEY;SOB DEMANDA ;N/A;WKPEP®EYEPEP;NÃO;1;3544,287222
WINKEY;SOB DEMANDA ;N/A;WKPEP®EYEPEP;NÃO;5;2675,711111
WINKEY;SOB DEMANDA ;N/A;WKPEP®FACEPEP02;NÃO;1;1013,691667
WINKEY;SOB DEMANDA ;N/A;WKPEP®FACEPEP02;NÃO;5;648,6711111
WINKEY;SOB DEMANDA ;N/A;WKPEP®LASH;NÃO;1;1082,930556
WINKEY;SOB DEMANDA ;N/A;WKPEP®LASH;NÃO;5;698,1111111
WINKEY;C;CADASTRO SOLICITADO;WKPEP®LEISUREPEPIDE;NÃO;1;840,5944444
WINKEY;C;CADASTRO SOLICITADO;WKPEP®LEISUREPEPIDE;NÃO;5;525,0711111
WINKEY;SOB DEMANDA ;N/A;WKPEP®LIPIDIN OIL;NÃO;1;1335,6525
WINKEY;SOB DEMANDA ;N/A;WKPEP®LIPIDIN OIL;NÃO;5;878,5671111
WINKEY;SOB DEMANDA ;N/A;WKPEP®M3000 AO – 0,5;NÃO;1;1355,342667
WINKEY;SOB DEMANDA ;N/A;WKPEP®M3000 AO – 0,5;NÃO;5;932,9511111
WINKEY;SOB DEMANDA ;N/A;WKPEP®M3000-TETRA;NÃO;1;442,4708333
WINKEY;SOB DEMANDA ;N/A;WKPEP®M3000-TETRA;NÃO;5;240,7911111
WINKEY;SOB DEMANDA ;N/A;WKPEP®M3000-TRI;NÃO;1;494,4
WINKEY;SOB DEMANDA ;N/A;WKPEP®M3000-TRI;NÃO;5;277,8711111
WINKEY;SOB DEMANDA ;N/A;WKPEP®M-SYNTHETIC 6;NÃO;1;944,4527778
WINKEY;SOB DEMANDA ;N/A;WKPEP®M-SYNTHETIC 6;NÃO;5;599,2311111
WINKEY;SOB DEMANDA ;N/A;WKPEP®M-TIDE;NÃO;1;529,0194444
WINKEY;SOB DEMANDA ;N/A;WKPEP®M-TIDE;NÃO;5;302,5911111
WINKEY;SOB DEMANDA ;N/A;WKPEP®MULTI-SOOTHING PEPTIDES OIL;NÃO;1;961,7625
WINKEY;SOB DEMANDA ;N/A;WKPEP®MULTI-SOOTHING PEPTIDES OIL;NÃO;5;611,5911111
WINKEY;SOB DEMANDA ;N/A;WKPEP®OCTA;NÃO;1;979,0722222
WINKEY;SOB DEMANDA ;N/A;WKPEP®OCTA;NÃO;5;623,9511111
WINKEY;SOB DEMANDA ;N/A;WKPEP®PGSH PLUS;NÃO;1;1325,266667
WINKEY;SOB DEMANDA ;N/A;WKPEP®PGSH PLUS;NÃO;5;871,1511111
WINKEY;SOB DEMANDA ;N/A;WKPEP®PPOLIGOPEPTIDE-1;NÃO;1;26818,25714
WINKEY;SOB DEMANDA ;N/A;WKPEP®PPOLIGOPEPTIDE-1;NÃO;5;23888,64286
WINKEY;SOB DEMANDA ;N/A;WKPEP®PRO-BROW;NÃO;1;1186,788889
WINKEY;SOB DEMANDA ;N/A;WKPEP®PRO-BROW;NÃO;5;772,2711111
WINKEY;SOB DEMANDA ;N/A;WKPEP®REPAIRIN;NÃO;1;1065,620833
WINKEY;SOB DEMANDA ;N/A;WKPEP®REPAIRIN;NÃO;5;685,7511111
WINKEY;C;CADASTRO SOLICITADO;WKPEP®SAWMPEPTIDE SX;NÃO;1;1087,908889
WINKEY;C;CADASTRO SOLICITADO;WKPEP®SAWMPEPTIDESX;NÃO;5;895,8711111
WINKEY;SOB DEMANDA ;N/A;WKPEP®SOLIGOPEPTIDE-1PLUS;NÃO;1;1031,001389
WINKEY;SOB DEMANDA ;N/A;WKPEP®SOLIGOPEPTIDE-1PLUS;NÃO;5;661,0311111
WINKEY;SOB DEMANDA ;N/A;WKPEP®WHITENIN PLUS;NÃO;1;1371,96
WINKEY;SOB DEMANDA ;N/A;WKPEP®WHITENIN PLUS;NÃO;5;945,3111111
ZHONGLAN;C;071004001;CYSTEAMINE HCL;NÃO;1;300,82
ZHONGLAN;C;071004001;CYSTEAMINE HCL;SIM;5;231,4
ZHONGLAN;C;071004001;CYSTEAMINE HCL;NÃO;25;178
IPEL;SOB DEMANDA ;036004001;ZINC PYRITHIONE 50%;NÃO;1;52,624
IPEL;SOB DEMANDA ;036004001;ZINC PYRITHIONE 50%;NÃO;20;40,48
